id,first_name,last_name,company_name,address,city,county,state,zip,phone1,phone2,email,web
1,James,Bu,"Benton, John B Jr",6649 N Blue Gum St,New Orleans,Orleans,LA,70116,5046218927,5048451427,jbutt@gmail.com,http://www.bentonjohnbjr.com
2,Josephine,Darakjy,"Chanay, Jeffrey A Esq",4 B Blue Ridge Blvd,Brighton,Livingston,MI,48116,8102929388,8103749840,josephine_darakjy@darakjy.org,http://www.chanayjeffreyaesq.com
3,Art,Venere,"Chemel, James L Cpa",8 W Cerritos Ave #54,Bridgeport,Gloucester,NJ,8014,8566368749,8562644130,art@venere.org,http://www.chemeljameslcpa.com
4,Lenna,Paprocki,Feltz Printing Service,639 Main St,Anchorage,Anchorage,AK,99501,9073854412,9079212010,lpaprocki@hotmail.com,http://www.feltzprintingservice.com
5,Donette,Foller,Printing Dimensions,34 Center St,Hamilton,Butler,OH,45011,5135701893,5135494561,donette.foller@cox.net,http://www.printingdimensions.com
6,Simona,Morasca,"Chapman, Ross E Esq",3 Mcauley Dr,Ashland,Ashland,OH,44805,4195032484,4198006759,simona@morasca.com,http://www.chapmanrosseesq.com
7,Mitsue,Tollner,Morlong Associates,7 Eads St,Chicago,Cook,IL,60632,7735736914,7739248565,mitsue_tollner@yahoo.com,http://www.morlongassociates.com
8,Leota,Dilliard,Commercial Press,7 W Jackson Blvd,San Jose,Santa Clara,CA,95111,4087523500,4088131105,leota@hotmail.com,http://www.commercialpress.com
9,Sage,Wieser,Truhlar And Truhlar Attys,5 Boston Ave #88,Sioux Falls,Minnehaha,SD,57105,6054142147,6057944895,sage_wieser@cox.net,http://www.truhlarandtruhlarattys.com
10,Kris,Marrier,"King, Christopher A Esq",228 Runamuck Pl #2808,Baltimore,Baltimore City,MD,21224,4106558723,4108044694,kris@gmail.com,http://www.kingchristopheraesq.com
11,Minna,Amigon,"Dorl, James J Esq",2371 Jerrold Ave,Kulpsville,Montgomery,PA,19443,2158741229,2154228694,minna_amigon@yahoo.com,http://www.dorljamesjesq.com
12,Abel,Maclead,Rangoni Of Florence,37275 St  Rt 17m M,Middle Island,Suffolk,NY,11953,6313353414,6316773675,amaclead@gmail.com,http://www.rangoniofflorence.com
13,Kiley,Caldarera,Feiner Bros,25 E 75th St #69,Los Angeles,Los Angeles,CA,90034,3104985651,3102543084,kiley.caldarera@aol.com,http://www.feinerbros.com
14,Graciela,Ruta,Buckley Miller & Wright,98 Connecticut Ave Nw,Chagrin Falls,Geauga,OH,44023,4407808425,4405797763,gruta@cox.net,http://www.buckleymillerwright.com
15,Cammy,Albares,"Rousseaux, Michael Esq",56 E Morehead St,Laredo,Webb,TX,78045,9565376195,9568417216,calbares@gmail.com,http://www.rousseauxmichaelesq.com
16,Mattie,Poquette,Century Communications,73 State Road 434 E,Phoenix,Maricopa,AZ,85013,6022774385,6029536360,mattie@aol.com,http://www.centurycommunications.com
17,Meaghan,Garufi,"Bolton, Wilbur Esq",69734 E Carrillo St,Mc Minnville,Warren,TN,37110,9313139635,9312357959,meaghan@hotmail.com,http://www.boltonwilburesq.com
18,Gladys,Rim,T M Byxbee Company Pc,322 New Horizon Blvd,Milwaukee,Milwaukee,WI,53207,4146619598,4143772880,gladys.rim@rim.org,http://www.tmbyxbeecompanypc.com
19,Yuki,Whobrey,Farmers Insurance Group,1 State Route 27,Taylor,Wayne,MI,48180,3132887937,3133414470,yuki_whobrey@aol.com,http://www.farmersinsurancegroup.com
20,Fletcher,Flosi,Post Box Services Plus,394 Manchester Blvd,Rockford,Winnebago,IL,61109,8158282147,8154265657,fletcher.flosi@yahoo.com,http://www.postboxservicesplus.com
21,Bette,Nicka,Sport En Art,6 S 33rd St,Aston,Delaware,PA,19014,6105453615,6104924643,bette_nicka@cox.net,http://www.sportenart.com
22,Veronika,Inouye,C 4 Network Inc,6 Greenleaf Ave,San Jose,Santa Clara,CA,95111,4085401785,4088134592,vinouye@aol.com,http://www.cnetworkinc.com
23,Willard,Kolmetz,"Ingalls, Donald R Esq",618 W Yakima Ave,Irving,Dallas,TX,75062,9723039197,9728964882,willard@hotmail.com,http://www.ingallsdonaldresq.com
24,Maryann,Royster,"Franklin, Peter L Esq",74 S Westgate St,Albany,Albany,NY,12204,5189667987,5184488982,mroyster@royster.com,http://www.franklinpeterlesq.com
25,Alisha,Slusarski,Wtlz Power 107 Fm,3273 State St,Middlesex,Middlesex,NJ,8846,7326583154,7326353453,alisha@slusarski.com,http://www.wtlzpowerfm.com
26,Allene,Iturbide,"Ledecky, David Esq",1 Central Ave,Stevens Point,Portage,WI,54481,7156626764,7155309863,allene_iturbide@cox.net,http://www.ledeckydavidesq.com
27,Chanel,Caudy,Professional Image Inc,86 Nw 66th St #8673,Shawnee,Johnson,KS,66218,9133882079,9138991103,chanel.caudy@caudy.org,http://www.professionalimageinc.com
28,Ezekiel,Chui,"Sider, Donald C Esq",2 Cedar Ave #84,Easton,Talbot,MD,21601,4106691642,4102358738,ezekiel@chui.com,http://www.siderdonaldcesq.com
29,Willow,Kusko,U Pull It,90991 Thorburn Ave,New York,New York,NY,10011,2125824976,2129345167,wkusko@yahoo.com,http://www.upullit.com
30,Bernardo,Figeroa,"Clark, Richard Cpa",386 9th Ave N,Conroe,Montgomery,TX,77301,9363363951,9365973614,bfigeroa@aol.com,http://www.clarkrichardcpa.com
31,Ammie,Corrio,"Moskowitz, Barry S",74874 Atlantic Ave,Columbus,Franklin,OH,43215,6148019788,6146483265,ammie@corrio.com,http://www.moskowitzbarrys.com
32,Francine,Vocelka,Cascade Realty Advisors Inc,366 South Dr,Las Cruces,Dona Ana,NM,88011,5059773911,5053355293,francine_vocelka@vocelka.com,http://www.cascaderealtyadvisorsinc.com
33,Ernie,Stenseth,Knwz Newsradio,45 E Liberty St,Ridgefield Park,Bergen,NJ,7660,2017096245,2013879093,ernie_stenseth@aol.com,http://www.knwznewsradio.com
34,Albina,Glick,"Giampetro, Anthony D",4 Ralph Ct,Dunellen,Middlesex,NJ,8812,7329247882,7327826701,albina@glick.com,http://www.giampetroanthonyd.com
35,Alishia,Sergi,Milford Enterprises Inc,2742 Distribution Way,New York,New York,NY,10025,2128601579,2127532740,asergi@gmail.com,http://www.milfordenterprisesinc.com
36,Solange,Shinko,"Mosocco, Ronald A",426 Wolf St,Metairie,Jefferson,LA,70002,5049799175,5042658174,solange@shinko.com,http://www.mosoccoronalda.com
37,Jose,Stockham,Tri State Refueler Co,128 Bransten Rd,New York,New York,NY,10011,2126758570,2125694233,jose@yahoo.com,http://www.tristaterefuelerco.com
38,Rozella,Ostrosky,Parkway Company,17 Morena Blvd,Camarillo,Ventura,CA,93012,8058326163,8056091531,rozella.ostrosky@ostrosky.com,http://www.parkwaycompany.com
39,Valentine,Gillian,Fbs Business Finance,775 W 17th St,San Antonio,Bexar,TX,78204,2108129597,2103006244,valentine_gillian@gmail.com,http://www.fbsbusinessfinance.com
40,Kati,Rulapaugh,Eder Assocs Consltng Engrs Pc,6980 Dorsett Rd,Abilene,Dickinson,KS,67410,7854637829,7852197724,kati.rulapaugh@hotmail.com,http://www.ederassocsconsltngengrspc.com
41,Youlanda,Schemmer,Tri M Tool Inc,2881 Lewis Rd,Prineville,Crook,OR,97754,5415488197,5419932611,youlanda@aol.com,http://www.trimtoolinc.com
42,Dyan,Oldroyd,International Eyelets Inc,7219 Woodfield Rd,Overland Park,Johnson,KS,66204,9134134604,9136458918,doldroyd@aol.com,http://www.internationaleyeletsinc.com
43,Roxane,Campain,Rapid Trading Intl,1048 Main St,Fairbanks,Fairbanks North Star,AK,99708,9072314722,9073356568,roxane@hotmail.com,http://www.rapidtradingintl.com
44,Lavera,Perin,Abc Enterprises Inc,678 3rd Ave,Miami,MiamiDade,FL,33196,3056067291,3059952078,lperin@perin.org,http://www.abcenterprisesinc.com
45,Erick,Ferencz,Cindy Turner Associates,20 S Babcock St,Fairbanks,Fairbanks North Star,AK,99712,9077411044,9072276777,erick.ferencz@aol.com,http://www.cindyturnerassociates.com
46,Fatima,Saylors,"Stanton, James D Esq",2 Lighthouse Ave,Hopkins,Hennepin,MN,55343,9527682416,9524792375,fsaylors@saylors.org,http://www.stantonjamesdesq.com
47,Jina,Briddick,Grace Pastries Inc,38938 Park Blvd,Boston,Suffolk,MA,2128,6173995124,6179975771,jina_briddick@briddick.com,http://www.gracepastriesinc.com
48,Kanisha,Waycott,"Schroer, Gene E Esq",5 Tomahawk Dr,Los Angeles,Los Angeles,CA,90006,3234532780,3233157314,kanisha_waycott@yahoo.com,http://www.schroergeneeesq.com
49,Emerson,Bowley,Knights Inn,762 S Main St,Madison,Dane,WI,53711,6083367444,6086587940,emerson.bowley@bowley.org,http://www.knightsinn.com
50,Blair,Malet,Bollinger Mach Shp & Shipyard,209 Decker Dr,Philadelphia,Philadelphia,PA,19132,2159079111,2157944519,bmalet@yahoo.com,http://www.bollingermachshpshipyard.com
51,Brock,Bolognia,Orinda News,4486 W O St #1,New York,New York,NY,10003,2124029216,2126175063,bbolognia@yahoo.com,http://www.orindanews.com
52,Lorrie,Nestle,Ballard Spahr Andrews,39 S 7th St,Tullahoma,Coffee,TN,37388,9318756644,9313036041,lnestle@hotmail.com,http://www.ballardspahrandrews.com
53,Sabra,Uyetake,Lowy Limousine Service,98839 Hawthorne Blvd #6101,Columbia,Richland,SC,29201,8039255213,8036813678,sabra@uyetake.org,http://www.lowylimousineservice.com
54,Marjory,Mastella,Vicon Corporation,71 San Mateo Ave,Wayne,Delaware,PA,19087,6108145533,6103797125,mmastella@mastella.com,http://www.viconcorporation.com
55,Karl,Klonowski,"Rossi, Michael M",76 Brooks St #9,Flemington,Hunterdon,NJ,8822,9088776135,9084704661,karl_klonowski@yahoo.com,http://www.rossimichaelm.com
56,Tonette,Wenner,Northwest Publishing,4545 Courthouse Rd,Westbury,Nassau,NY,11590,5169686051,5163334861,twenner@aol.com,http://www.northwestpublishing.com
57,Amber,Monarrez,Branford Wire & Mfg Co,14288 Foster Ave #4121,Jenkintown,Montgomery,PA,19046,2159348655,2153296386,amber_monarrez@monarrez.org,http://www.branfordwiremfgco.com
58,Shenika,Seewald,East Coast Marketing,4 Otis St,Van Nuys,Los Angeles,CA,91405,8184234007,8187498650,shenika@gmail.com,http://www.eastcoastmarketing.com
59,Delmy,Ahle,Wye Technologies Inc,65895 S 16th St,Providence,Providence,RI,2909,4014582547,4015598961,delmy.ahle@hotmail.com,http://www.wyetechnologiesinc.com
60,Deeanna,Juhas,"Healy, George W Iv",14302 Pennsylvania Ave,Huntingdon Valley,Montgomery,PA,19006,2152119589,2154179563,deeanna_juhas@gmail.com,http://www.healygeorgewiv.com
61,Blondell,Pugh,Alpenlite Inc,201 Hawk Ct,Providence,Providence,RI,2904,4019608259,4013008122,bpugh@aol.com,http://www.alpenliteinc.com
62,Jamal,Vanausdal,"Hubbard, Bruce Esq",53075 Sw 152nd Ter #615,Monroe Township,Middlesex,NJ,8831,7322341546,7329042931,jamal@vanausdal.org,http://www.hubbardbruceesq.com
63,Cecily,Hollack,Arthur A Oliver & Son Inc,59 N Groesbeck Hwy,Austin,Travis,TX,78731,5124863817,5128613814,cecily@hollack.org,http://www.arthuraoliversoninc.com
64,Carmelina,Lindall,George Jessop Carter Jewelers,2664 Lewis Rd,Littleton,Douglas,CO,80126,3037247371,3038745160,carmelina_lindall@lindall.com,http://www.georgejessopcarterjewelers.com
65,Maurine,Yglesias,"Schultz, Thomas C Md",59 Shady Ln #53,Milwaukee,Milwaukee,WI,53214,4147481374,4145737719,maurine_yglesias@yglesias.com,http://www.schultzthomascmd.com
66,Tawna,Buvens,H H H Enterprises Inc,3305 Nabell Ave #679,New York,New York,NY,10009,2126749610,2124629157,tawna@gmail.com,http://www.hhhenterprisesinc.com
67,Penney,Weight,Hawaiian King Hotel,18 Fountain St,Anchorage,Anchorage,AK,99515,9077979628,9078732882,penney_weight@aol.com,http://www.hawaiiankinghotel.com
68,Elly,Morocco,Killion Industries,7 W 32nd St,Erie,Erie,PA,16502,8143935571,8144203553,elly_morocco@gmail.com,http://www.killionindustries.com
69,Ilene,Eroman,"Robinson, William J Esq",2853 S Central Expy,Glen Burnie,Anne Arundel,MD,21061,4109149018,4109374543,ilene.eroman@hotmail.com,http://www.robinsonwilliamjesq.com
70,Vallie,Mondella,Private Properties,74 W College St,Boise,Ada,ID,83707,2088625339,2087378439,vmondella@mondella.com,http://www.privateproperties.com
71,Kallie,Blackwood,Rowley Schlimgen Inc,701 S Harrison Rd,San Francisco,San Francisco,CA,94104,4153152761,4156047609,kallie.blackwood@gmail.com,http://www.rowleyschlimgeninc.com
72,Johnetta,Abdallah,Forging Specialties,1088 Pinehurst St,Chapel Hill,Orange,NC,27514,9192259345,9197153791,johnetta_abdallah@aol.com,http://www.forgingspecialties.com
73,Bobbye,Rhym,"Smits, Patricia Garity",30 W 80th St #1995,San Carlos,San Mateo,CA,94070,6505285783,6508119032,brhym@rhym.com,http://www.smitspatriciagarity.com
74,Micaela,Rhymes,H Lee Leonard Attorney At Law,20932 Hedley St,Concord,Contra Costa,CA,94520,9256473298,9255227798,micaela_rhymes@gmail.com,http://www.hleeleonardattorneyatlaw.com
75,Tamar,Hoogland,A K Construction Co,2737 Pistorio Rd #9230,London,Madison,OH,43140,7403438575,7405265410,tamar@hotmail.com,http://www.akconstructionco.com
76,Moon,Parlato,"Ambelang, Jessica M Md",74989 Brandon St,Wellsville,Allegany,NY,14895,5858668313,5854984278,moon@yahoo.com,http://www.ambelangjessicammd.com
77,Laurel,Reitler,Q A Service,6 Kains Ave,Baltimore,Baltimore City,MD,21215,4105204832,4109576903,laurel_reitler@reitler.com,http://www.qaservice.com
78,Delisa,Crupi,Wood & Whitacre Contractors,47565 W Grand Ave,Newark,Essex,NJ,7105,9733542040,9738479611,delisa.crupi@crupi.com,http://www.woodwhitacrecontractors.com
79,Viva,Toelkes,Mark Iv Press Ltd,4284 Dorigo Ln,Chicago,Cook,IL,60647,7734465569,7733523437,viva.toelkes@gmail.com,http://www.markivpressltd.com
80,Elza,Lipke,Museum Of Science & Industry,6794 Lake Dr E,Newark,Essex,NJ,7104,9739273447,9737963667,elza@yahoo.com,http://www.museumofscienceindustry.com
81,Devorah,Chickering,Garrison Ind,31 Douglas Blvd #950,Clovis,Curry,NM,88101,5059758559,5059501763,devorah@hotmail.com,http://www.garrisonind.com
82,Timothy,Mulqueen,Saronix Nymph Products,44 W 4th St,Staten Island,Richmond,NY,10309,7183326527,7186547063,timothy_mulqueen@mulqueen.org,http://www.saronixnymphproducts.com
83,Arlette,Honeywell,Smc Inc,11279 Loytan St,Jacksonville,Duval,FL,32254,9047754480,9045149918,ahoneywell@honeywell.com,http://www.smcinc.com
84,Dominque,Dickerson,E A I Electronic Assocs Inc,69 Marquette Ave,Hayward,Alameda,CA,94545,5109933758,5109017640,dominque.dickerson@dickerson.org,http://www.eaielectronicassocsinc.com
85,Lettie,Isenhower,"Conte, Christopher A Esq",70 W Main St,Beachwood,Cuyahoga,OH,44122,2166577668,2167338494,lettie_isenhower@yahoo.com,http://www.contechristopheraesq.com
86,Myra,Munns,Anker Law Office,461 Prospect Pl #316,Euless,Tarrant,TX,76040,8179147518,8174513518,mmunns@cox.net,http://www.ankerlawoffice.com
87,Stephaine,Barfield,Beutelschies & Company,47154 Whipple Ave Nw,Gardena,Los Angeles,CA,90247,3107747643,3109681219,stephaine@barfield.com,http://www.beutelschiescompany.com
88,Lai,Gato,"Fligg, Kenneth I Jr",37 Alabama Ave,Evanston,Cook,IL,60201,8477287286,8479574614,lai.gato@gato.org,http://www.fliggkennethijr.com
89,Stephen,Emigh,"Sharp, J Daniel Esq",3777 E Richmond St #900,Akron,Summit,OH,44302,3305375358,3307002312,stephen_emigh@hotmail.com,http://www.sharpjdanielesq.com
90,Tyra,Shields,"Assink, Anne H Esq",3 Fort Worth Ave,Philadelphia,Philadelphia,PA,19106,2152551641,2152288264,tshields@gmail.com,http://www.assinkannehesq.com
91,Tammara,Wardrip,Jewel My Shop Inc,4800 Black Horse Pike,Burlingame,San Mateo,CA,94010,6508031936,6502165075,twardrip@cox.net,http://www.jewelmyshopinc.com
92,Cory,Gibes,Chinese Translation Resources,83649 W Belmont Ave,San Gabriel,Los Angeles,CA,91776,6265721096,6266962777,cory.gibes@gmail.com,http://www.chinesetranslationresources.com
93,Danica,Bruschke,"Stevens, Charles T",840 15th Ave,Waco,McLennan,TX,76708,2547828569,2542051422,danica_bruschke@gmail.com,http://www.stevenscharlest.com
94,Wilda,Giguere,"Mclaughlin, Luther W Cpa",1747 Calle Amanecer #2,Anchorage,Anchorage,AK,99501,9078705536,9079149482,wilda@cox.net,http://www.mclaughlinlutherwcpa.com
95,Elvera,Benimadho,Tree Musketeers,99385 Charity St #840,San Jose,Santa Clara,CA,95110,4087038505,4084408447,elvera.benimadho@cox.net,http://www.treemusketeers.com
96,Carma,Vanheusen,Springfield Div Oh Edison Co,68556 Central Hwy,San Leandro,Alameda,CA,94577,5105037169,5104524835,carma@cox.net,http://www.springfielddivohedisonco.com
97,Malinda,Hochard,Logan Memorial Hospital,55 Riverside Ave,Indianapolis,Marion,IN,46202,3177225066,3174722412,malinda.hochard@yahoo.com,http://www.loganmemorialhospital.com
98,Natalie,Fern,"Kelly, Charles G Esq",7140 University Ave,Rock Springs,Sweetwater,WY,82901,3077048713,3072793793,natalie.fern@hotmail.com,http://www.kellycharlesgesq.com
99,Lisha,Centini,Industrial Paper Shredders Inc,64 5th Ave #1153,Mc Lean,Fairfax,VA,22102,7032353937,7034757568,lisha@centini.org,http://www.industrialpapershreddersinc.com
100,Arlene,Klusman,Beck Horizon Builders,3 Secor Rd,New Orleans,Orleans,LA,70112,5047105840,5049461807,arlene_klusman@gmail.com,http://www.beckhorizonbuilders.com
101,Alease,Buemi,Porto Cayo At Hawks Cay,4 Webbs Chapel Rd,Boulder,Boulder,CO,80303,3033014946,3035219860,alease@buemi.com,http://www.portocayoathawkscay.com
102,Louisa,Cronauer,Pacific Grove Museum Ntrl Hist,524 Louisiana Ave Nw,San Leandro,Alameda,CA,94577,5108287047,5104727758,louisa@cronauer.com,http://www.pacificgrovemuseumntrlhist.com
103,Angella,Cetta,Bender & Hatley Pc,185 Blackstone Bldge,Honolulu,Honolulu,HI,96817,8088927943,8084752310,angella.cetta@hotmail.com,http://www.benderhatleypc.com
104,Cyndy,Goldammer,Di Cristina J & Son,170 Wyoming Ave,Burnsville,Dakota,MN,55337,9523349408,9529389457,cgoldammer@cox.net,http://www.dicristinajson.com
105,Rosio,Cork,Green Goddess,4 10th St W,High Point,Guilford,NC,27263,3362435659,3364974407,rosio.cork@gmail.com,http://www.greengoddess.com
106,Celeste,Korando,American Arts & Graphics,7 W Pinhook Rd,Lynbrook,Nassau,NY,11563,5165092347,5163657266,ckorando@hotmail.com,http://www.americanartsgraphics.com
107,Twana,Felger,Opryland Hotel,1 Commerce Way,Portland,Washington,OR,97224,5039393153,5039097167,twana.felger@felger.org,http://www.oprylandhotel.com
108,Estrella,Samu,Marking Devices Pubg Co,64 Lakeview Ave,Beloit,Rock,WI,53511,6089767199,6089428836,estrella@aol.com,http://www.markingdevicespubgco.com
109,Donte,Kines,W Tc Industries Inc,3 Aspen St,Worcester,Worcester,MA,1602,5084298576,5088431426,dkines@hotmail.com,http://www.wtcindustriesinc.com
110,Tiffiny,Steffensmeier,Whitehall Robbins Labs Divsn,32860 Sierra Rd,Miami,MiamiDade,FL,33133,3053859695,3053046573,tiffiny_steffensmeier@cox.net,http://www.whitehallrobbinslabsdivsn.com
111,Edna,Miceli,Sampler,555 Main St,Erie,Erie,PA,16502,8144602655,8142992877,emiceli@miceli.org,http://www.sampler.com
112,Sue,Kownacki,Juno Chefs Incorporated,2 Se 3rd Ave,Mesquite,Dallas,TX,75149,9726663413,9727424000,sue@aol.com,http://www.junochefsincorporated.com
113,Jesusa,Shin,"Carroccio, A Thomas Esq",2239 Shawnee Mission Pky,Tullahoma,Coffee,TN,37388,9312738709,9317391551,jshin@shin.com,http://www.carroccioathomasesq.com
114,Rolland,Francescon,"Stanley, Richard L Esq",2726 Charcot Ave,Paterson,Passaic,NJ,7501,9736492922,9732844048,rolland@cox.net,http://www.stanleyrichardlesq.com
115,Pamella,Schmierer,K Cs Cstm Mouldings Windows,5161 Dorsett Rd,Homestead,MiamiDade,FL,33030,3054208970,3055758481,pamella.schmierer@schmierer.org,http://www.kcscstmmouldingswindows.com
116,Glory,Kulzer,Comfort Inn,55892 Jacksonville Rd,Owings Mills,Baltimore,MD,21117,4102249462,4109168015,gkulzer@kulzer.org,http://www.comfortinn.com
117,Shawna,Palaspas,"Windsor, James L Esq",5 N Cleveland Massillon Rd,Thousand Oaks,Ventura,CA,91362,8052753566,8056386617,shawna_palaspas@palaspas.org,http://www.windsorjameslesq.com
118,Brandon,Callaro,Jackson Shields Yeiser,7 Benton Dr,Honolulu,Honolulu,HI,96819,8082156832,8082405168,brandon_callaro@hotmail.com,http://www.jacksonshieldsyeiser.com
119,Scarlet,Cartan,"Box, J Calvin Esq",9390 S Howell Ave,Albany,Dougherty,GA,31701,2297353378,2293659658,scarlet.cartan@yahoo.com,http://www.boxjcalvinesq.com
120,Oretha,Menter,Custom Engineering Inc,8 County Center Dr #647,Boston,Suffolk,MA,2210,6174185043,6176976024,oretha_menter@yahoo.com,http://www.customengineeringinc.com
121,Ty,Smith,Bresler Eitel Framg Gllry Ltd,4646 Kaahumanu St,Hackensack,Bergen,NJ,7601,2016721553,2019953149,tsmith@aol.com,http://www.breslereitelframggllryltd.com
122,Xuan,Rochin,"Carol, Drake Sparks Esq",2 Monroe St,San Mateo,San Mateo,CA,94403,6509335072,6502472625,xuan@gmail.com,http://www.caroldrakesparksesq.com
123,Lindsey,Dilello,Biltmore Investors Bank,52777 Leaders Heights Rd,Ontario,San Bernardino,CA,91761,9096399887,9095891693,lindsey.dilello@hotmail.com,http://www.biltmoreinvestorsbank.com
124,Devora,Perez,Desco Equipment Corp,72868 Blackington Ave,Oakland,Alameda,CA,94606,5109553016,5107559274,devora_perez@perez.org,http://www.descoequipmentcorp.com
125,Herman,Demesa,Merlin Electric Co,9 Norristown Rd,Troy,Rensselaer,NY,12180,5184972940,5189317852,hdemesa@cox.net,http://www.merlinelectricco.com
126,Rory,Papasergi,Bailey Cntl Co Div Babcock,83 County Road 437 #8581,Clarks Summit,Lackawanna,PA,18411,5708677489,5704698401,rpapasergi@cox.net,http://www.baileycntlcodivbabcock.com
127,Talia,Riopelle,Ford Brothers Wholesale Inc,1 N Harlem Ave #9,Orange,Essex,NJ,7050,9732452133,9738189788,talia_riopelle@aol.com,http://www.fordbrotherswholesaleinc.com
128,Van,Shire,Cambridge Inn,90131 J St,Pittstown,Hunterdon,NJ,8867,9084092890,9084481209,van.shire@shire.com,http://www.cambridgeinn.com
129,Lucina,Lary,"Matricciani, Albert J Jr",8597 W National Ave,Cocoa,Brevard,FL,32922,3217494981,3216324668,lucina_lary@cox.net,http://www.matriccianialbertjjr.com
130,Bok,Isaacs,Nelson Hawaiian Ltd,6 Gilson St,Bronx,Bronx,NY,10468,7188093762,7184788568,bok.isaacs@aol.com,http://www.nelsonhawaiianltd.com
131,Rolande,Spickerman,Neland Travel Agency,65 W Maple Ave,Pearl City,Honolulu,HI,96782,8083153077,8085265863,rolande.spickerman@spickerman.com,http://www.nelandtravelagency.com
132,Howard,Paulas,"Asendorf, J Alan Esq",866 34th Ave,Denver,Denver,CO,80231,3036234241,3036923118,hpaulas@gmail.com,http://www.asendorfjalanesq.com
133,Kimbery,Madarang,"Silberman, Arthur L Esq",798 Lund Farm Way,Rockaway,Morris,NJ,7866,9733101634,9732256259,kimbery_madarang@cox.net,http://www.silbermanarthurlesq.com
134,Thurman,Manno,Honey Bee Breeding Genetics &,9387 Charcot Ave,Absecon,Atlantic,NJ,8201,6095243586,6092348376,thurman.manno@yahoo.com,http://www.honeybeebreedinggenetics.com
135,Becky,Mirafuentes,Wells Kravitz Schnitzer,30553 Washington Rd,Plainfield,Union,NJ,7062,9088778409,9084268272,becky.mirafuentes@mirafuentes.com,http://www.wellskravitzschnitzer.com
136,Beatriz,Corrington,Prohab Rehabilitation Servs,481 W Lemon St,Middleboro,Plymouth,MA,2346,5085844279,5083153867,beatriz@yahoo.com,http://www.prohabrehabilitationservs.com
137,Marti,Maybury,"Eldridge, Kristin K Esq",4 Warehouse Point Rd #7,Chicago,Cook,IL,60638,7737754522,7735391058,marti.maybury@yahoo.com,http://www.eldridgekristinkesq.com
138,Nieves,Gotter,"Vlahos, John J Esq",4940 Pulaski Park Dr,Portland,Multnomah,OR,97202,5035275274,5034553094,nieves_gotter@gmail.com,http://www.vlahosjohnjesq.com
139,Leatha,Hagele,Ninas Indian Grs & Videos,627 Walford Ave,Dallas,Dallas,TX,75227,2143391809,2142255850,lhagele@cox.net,http://www.ninasindiangrsvideos.com
140,Valentin,Klimek,"Schmid, Gayanne K Esq",137 Pioneer Way,Chicago,Cook,IL,60604,3123035453,3125122338,vklimek@klimek.org,http://www.schmidgayannekesq.com
141,Melissa,Wiklund,Moapa Valley Federal Credit Un,61 13 Stoneridge #835,Findlay,Hancock,OH,45840,4199393613,4192544591,melissa@cox.net,http://www.moapavalleyfederalcreditun.com
142,Sheridan,Zane,Kentucky Tennessee Clay Co,2409 Alabama Rd,Riverside,Riverside,CA,92501,9516453605,9512486822,sheridan.zane@zane.com,http://www.kentuckytennesseeclayco.com
143,Bulah,Padilla,Admiral Party Rentals & Sales,8927 Vandever Ave,Waco,McLennan,TX,76707,2544634368,2548168417,bulah_padilla@hotmail.com,http://www.admiralpartyrentalssales.com
144,Audra,Kohnert,"Nelson, Karolyn King Esq",134 Lewis Rd,Nashville,Davidson,TN,37211,6154067854,6154489249,audra@kohnert.com,http://www.nelsonkarolynkingesq.com
145,Daren,Weirather,Panasystems,9 N College Ave #3,Milwaukee,Milwaukee,WI,53216,4149592540,4148383151,dweirather@aol.com,http://www.panasystems.com
146,Fernanda,Jillson,"Shank, Edward L Esq",60480 Old Us Highway 51,Preston,Caroline,MD,21655,4103875260,4107246472,fjillson@aol.com,http://www.shankedwardlesq.com
147,Gearldine,Gellinger,Megibow & Edwards,4 Bloomfield Ave,Irving,Dallas,TX,75061,9729346914,9728217118,gearldine_gellinger@gellinger.com,http://www.megibowedwards.com
148,Chau,Kitzman,"Benoff, Edward Esq",429 Tiger Ln,Beverly Hills,Los Angeles,CA,90212,3105608022,3109697230,chau@gmail.com,http://www.benoffedwardesq.com
149,Theola,Frey,Woodbridge Free Public Library,54169 N Main St,Massapequa,Nassau,NY,11758,5169485768,5163573362,theola_frey@frey.com,http://www.woodbridgefreepubliclibrary.com
150,Cheryl,Haroldson,New York Life John Thune,92 Main St,Atlantic City,Atlantic,NJ,8401,6095187697,6092639243,cheryl@haroldson.org,http://www.newyorklifejohnthune.com
151,Laticia,Merced,Alinabal Inc,72 Mannix Dr,Cincinnati,Hamilton,OH,45203,5135087371,5134181566,lmerced@gmail.com,http://www.alinabalinc.com
152,Carissa,Batman,"Poletto, Kim David Esq",12270 Caton Center Dr,Eugene,Lane,OR,97401,5413264074,5418015717,carissa.batman@yahoo.com,http://www.polettokimdavidesq.com
153,Lezlie,Craghead,"Chang, Carolyn Esq",749 W 18th St #45,Smithfield,Johnston,NC,27577,9195333762,9198852453,lezlie.craghead@craghead.org,http://www.changcarolynesq.com
154,Ozell,Shealy,Silver Bros Inc,8 Industry Ln,New York,New York,NY,10002,2123328435,2128808865,oshealy@hotmail.com,http://www.silverbrosinc.com
155,Arminda,Parvis,Newtec Inc,1 Huntwood Ave,Phoenix,Maricopa,AZ,85017,6029069419,6022773025,arminda@parvis.com,http://www.newtecinc.com
156,Reita,Leto,Creative Business Systems,55262 N French Rd,Indianapolis,Marion,IN,46240,3172341135,3177875514,reita.leto@gmail.com,http://www.creativebusinesssystems.com
157,Yolando,Luczki,Dal Tile Corporation,422 E 21st St,Syracuse,Onondaga,NY,13214,3153044759,3156406357,yolando@cox.net,http://www.daltilecorporation.com
158,Lizette,Stem,Edward S Katz,501 N 19th Ave,Cherry Hill,Camden,NJ,8002,8564875412,8567023676,lizette.stem@aol.com,http://www.edwardskatz.com
159,Gregoria,Pawlowicz,Oh My Goodknits Inc,455 N Main Ave,Garden City,Nassau,NY,11530,5162121915,5163764230,gpawlowicz@yahoo.com,http://www.ohmygoodknitsinc.com
160,Carin,Deleo,"Redeker, Debbie",1844 Southern Blvd,Little Rock,Pulaski,AR,72202,5013081040,5014096072,cdeleo@deleo.com,http://www.redekerdebbie.com
161,Chantell,Maynerich,Desert Sands Motel,2023 Greg St,Saint Paul,Ramsey,MN,55101,6515912583,6517769688,chantell@yahoo.com,http://www.desertsandsmotel.com
162,Dierdre,Yum,Cummins Southern Plains Inc,63381 Jenks Ave,Philadelphia,Philadelphia,PA,19134,2153253042,2153464666,dyum@yahoo.com,http://www.cumminssouthernplainsinc.com
163,Larae,Gudroe,Lehigh Furn Divsn Lehigh,6651 Municipal Rd,Houma,Terrebonne,LA,70360,9858907262,9852615783,larae_gudroe@gmail.com,http://www.lehighfurndivsnlehigh.com
164,Latrice,Tolfree,United Van Lines Agent,81 Norris Ave #525,Ronkonkoma,Suffolk,NY,11779,6319577624,6319982102,latrice.tolfree@hotmail.com,http://www.unitedvanlinesagent.com
165,Kerry,Theodorov,Capitol Reporters,6916 W Main St,Sacramento,Sacramento,CA,95827,9165913277,9167707448,kerry.theodorov@gmail.com,http://www.capitolreporters.com
166,Dorthy,Hidvegi,Kwik Kopy Printing,9635 S Main St,Boise,Ada,ID,83704,2086492373,2086903315,dhidvegi@yahoo.com,http://www.kwikkopyprinting.com
167,Fannie,Lungren,Centro Inc,17 Us Highway 111,Round Rock,Williamson,TX,78664,5125875746,5125289933,fannie.lungren@yahoo.com,http://www.centroinc.com
168,Evangelina,Radde,"Campbell, Jan Esq",992 Civic Center Dr,Philadelphia,Philadelphia,PA,19123,2159643284,2154175612,evangelina@aol.com,http://www.campbelljanesq.com
169,Novella,Degroot,"Evans, C Kelly Esq",303 N Radcliffe St,Hilo,Hawaii,HI,96720,8084774775,8087461865,novella_degroot@degroot.org,http://www.evansckellyesq.com
170,Clay,Hoa,Scat Enterprises,73 Saint Ann St #86,Reno,Washoe,NV,89502,7755018109,7758489135,choa@hoa.org,http://www.scatenterprises.com
171,Jennifer,Fallick,"Nagle, Daniel J Esq",44 58th St,Wheeling,Cook,IL,60090,8479799545,8478003054,jfallick@yahoo.com,http://www.nagledanieljesq.com
172,Irma,Wolfgramm,Serendiquity Bed & Breakfast,9745 W Main St,Randolph,Morris,NJ,7869,9735457355,9738688660,irma.wolfgramm@hotmail.com,http://www.serendiquitybedbreakfast.com
173,Eun,Coody,Ray Carolyne Realty,84 Bloomfield Ave,Spartanburg,Spartanburg,SC,29301,8642563620,8645944578,eun@yahoo.com,http://www.raycarolynerealty.com
174,Sylvia,Cousey,"Berg, Charles E",287 Youngstown Warren Rd,Hampstead,Carroll,MD,21074,4102099545,4108638263,sylvia_cousey@cousey.org,http://www.bergcharlese.com
175,Nana,Wrinkles,"Ray, Milbern D",6 Van Buren St,Mount Vernon,Westchester,NY,10553,9148552115,9147963775,nana@aol.com,http://www.raymilbernd.com
176,Layla,Springe,Chadds Ford Winery,229 N Forty Driv,New York,New York,NY,10011,2122603151,2122537448,layla.springe@cox.net,http://www.chaddsfordwinery.com
177,Joesph,Degonia,A R Packaging,2887 Knowlton St #5435,Berkeley,Alameda,CA,94710,5106779785,5109425916,joesph_degonia@degonia.org,http://www.arpackaging.com
178,Annabelle,Boord,Corn Popper,523 Marquette Ave,Concord,Middlesex,MA,1742,9786976263,9782897717,annabelle.boord@cox.net,http://www.cornpopper.com
179,Stephaine,Vinning,Birite Foodservice Distr,3717 Hamann Industrial Pky,San Francisco,San Francisco,CA,94104,4157676596,4157129530,stephaine@cox.net,http://www.biritefoodservicedistr.com
180,Nelida,Sawchuk,Anchorage Museum Of Hist & Art,3 State Route 35 S,Paramus,Bergen,NJ,7652,2019711638,2012478925,nelida@gmail.com,http://www.anchoragemuseumofhistart.com
181,Marguerita,Hiatt,"Haber, George D Md",82 N Highway 67,Oakley,Contra Costa,CA,94561,9256347158,9255418521,marguerita.hiatt@gmail.com,http://www.habergeorgedmd.com
182,Carmela,Cookey,Royal Pontiac Olds Inc,9 Murfreesboro Rd,Chicago,Cook,IL,60623,7734944195,7732979391,ccookey@cookey.org,http://www.royalpontiacoldsinc.com
183,Junita,Brideau,Leonards Antiques Inc,6 S Broadway St,Cedar Grove,Essex,NJ,7009,9739433423,9735825469,jbrideau@aol.com,http://www.leonardsantiquesinc.com
184,Claribel,Varriano,Meca,6 Harry L Dr #6327,Perrysburg,Wood,OH,43551,4195444900,4195732033,claribel_varriano@cox.net,http://www.meca.com
185,Benton,Skursky,Nercon Engineering & Mfg Inc,47939 Porter Ave,Gardena,Los Angeles,CA,90248,3105792907,3106948466,benton.skursky@aol.com,http://www.nerconengineeringmfginc.com
186,Hillary,Skulski,Replica I,9 Wales Rd Ne #914,Homosassa,Citrus,FL,34448,3522422570,3529905946,hillary.skulski@aol.com,http://www.replicai.com
187,Merilyn,Bayless,20 20 Printing Inc,195 13n N,Santa Clara,Santa Clara,CA,95054,4087585015,4083462180,merilyn_bayless@cox.net,http://www.printinginc.com
188,Teri,Ennaco,Publishers Group West,99 Tank Farm Rd,Hazleton,Luzerne,PA,18201,5708895187,5703551665,tennaco@gmail.com,http://www.publishersgroupwest.com
189,Merlyn,Lawler,"Nischwitz, Jeffrey L Esq",4671 Alemany Blvd,Jersey City,Hudson,NJ,7304,2015887810,2018589960,merlyn_lawler@hotmail.com,http://www.nischwitzjeffreylesq.com
190,Georgene,Montezuma,Payne Blades & Wellborn Pa,98 University Dr,San Ramon,Contra Costa,CA,94583,9256155185,9259433449,gmontezuma@cox.net,http://www.paynebladeswellbornpa.com
191,Jettie,Mconnell,Coldwell Bnkr Wright Real Est,50 E Wacker Dr,Bridgewater,Somerset,NJ,8807,9088023564,9086025258,jmconnell@hotmail.com,http://www.coldwellbnkrwrightrealest.com
192,Lemuel,Latzke,Computer Repair Service,70 Euclid Ave #722,Bohemia,Suffolk,NY,11716,6317486479,6312914976,lemuel.latzke@gmail.com,http://www.computerrepairservice.com
193,Melodie,Knipp,Fleetwood Building Block Inc,326 E Main St #6496,Thousand Oaks,Ventura,CA,91362,8056901682,8058108964,mknipp@gmail.com,http://www.fleetwoodbuildingblockinc.com
194,Candida,Corbley,Colts Neck Medical Assocs Inc,406 Main St,Somerville,Somerset,NJ,8876,9082758357,9089436103,candida_corbley@hotmail.com,http://www.coltsneckmedicalassocsinc.com
195,Karan,Karpin,New England Taxidermy,3 Elmwood Dr,Beaverton,Washington,OR,97005,5039408327,5037075812,karan_karpin@gmail.com,http://www.newenglandtaxidermy.com
196,Andra,Scheyer,"Ludcke, George O Esq",9 Church St,Salem,Marion,OR,97302,5035162189,5039503068,andra@gmail.com,http://www.ludckegeorgeoesq.com
197,Felicidad,Poullion,"Mccorkle, Tom S Esq",9939 N 14th St,Riverton,Burlington,NJ,8077,8563059731,8568286021,fpoullion@poullion.com,http://www.mccorkletomsesq.com
198,Belen,Strassner,Eagle Software Inc,5384 Southwyck Blvd,Douglasville,Douglas,GA,30135,7705078791,7708024003,belen_strassner@aol.com,http://www.eaglesoftwareinc.com
199,Gracia,Melnyk,Juvenile & Adult Super,97 Airport Loop Dr,Jacksonville,Duval,FL,32216,9042353633,9046274341,gracia@melnyk.com,http://www.juvenileadultsuper.com
200,Jolanda,Hanafan,"Perez, Joseph J Esq",37855 Nolan Rd,Bangor,Penobscot,ME,4401,2074589196,2072336185,jhanafan@gmail.com,http://www.perezjosephjesq.com
201,Barrett,Toyama,Case Foundation Co,4252 N Washington Ave #9,Kennedale,Tarrant,TX,76060,8177655781,8175776151,barrett.toyama@toyama.org,http://www.casefoundationco.com
202,Helga,Fredicks,Eis Environmental Engrs Inc,42754 S Ash Ave,Buffalo,Erie,NY,14228,7167524114,7168549845,helga_fredicks@yahoo.com,http://www.eisenvironmentalengrsinc.com
203,Ashlyn,Pinilla,Art Crafters,703 Beville Rd,Opa Locka,MiamiDade,FL,33054,3056709628,3058575489,apinilla@cox.net,http://www.artcrafters.com
204,Fausto,Agramonte,Marriott Hotels Resorts Suites,5 Harrison Rd,New York,New York,NY,10038,2123131783,2127783063,fausto_agramonte@yahoo.com,http://www.marriotthotelsresortssuites.com
205,Ronny,Caiafa,Remaco Inc,73 Southern Blvd,Philadelphia,Philadelphia,PA,19103,2156057570,2155113531,ronny.caiafa@caiafa.org,http://www.remacoinc.com
206,Marge,Limmel,"Bjork, Robert D Jr",189 Village Park Rd,Crestview,Okaloosa,FL,32536,8504301663,8503308079,marge@gmail.com,http://www.bjorkrobertdjr.com
207,Norah,Waymire,"Carmichael, Jeffery L Esq",6 Middlegate Rd #106,San Francisco,San Francisco,CA,94107,4153067897,4158742984,norah.waymire@gmail.com,http://www.carmichaeljefferylesq.com
208,Aliza,Baltimore,"Andrews, J Robert Esq",1128 Delaware St,San Jose,Santa Clara,CA,95132,4085043552,4084251994,aliza@aol.com,http://www.andrewsjrobertesq.com
209,Mozell,Pelkowski,Winship & Byrne,577 Parade St,South San Francisco,San Mateo,CA,94080,6509471215,6509601069,mpelkowski@pelkowski.org,http://www.winshipbyrne.com
210,Viola,Bitsuie,Burton & Davis,70 Mechanic St,Northridge,Los Angeles,CA,91325,8188644875,8184815787,viola@gmail.com,http://www.burtondavis.com
211,Franklyn,Emard,Olympic Graphic Arts,4379 Highway 116,Philadelphia,Philadelphia,PA,19103,2155588189,2154833003,femard@emard.com,http://www.olympicgraphicarts.com
212,Willodean,Konopacki,Magnuson,55 Hawthorne Blvd,Lafayette,Lafayette,LA,70506,3372538384,3377747564,willodean_konopacki@konopacki.org,http://www.magnuson.com
213,Beckie,Silvestrini,A All American Travel Inc,7116 Western Ave,Dearborn,Wayne,MI,48126,3135334884,3133907855,beckie.silvestrini@silvestrini.com,http://www.aallamericantravelinc.com
214,Rebecka,Gesick,Polykote Inc,2026 N Plankinton Ave #3,Austin,Travis,TX,78754,5122138574,5126938345,rgesick@gesick.org,http://www.polykoteinc.com
215,Frederica,Blunk,Jets Cybernetics,99586 Main St,Dallas,Dallas,TX,75207,2144282285,2145291949,frederica_blunk@gmail.com,http://www.jetscybernetics.com
216,Glen,Bartolet,Metlab Testing Services,8739 Hudson St,Vashon,King,WA,98070,2066975796,2063891482,glen_bartolet@hotmail.com,http://www.metlabtestingservices.com
217,Freeman,Gochal,"Kellermann, William T Esq",383 Gunderman Rd #197,Coatesville,Chester,PA,19320,6104763501,6107522683,freeman_gochal@aol.com,http://www.kellermannwilliamtesq.com
218,Vincent,Meinerding,"Arturi, Peter D Esq",4441 Point Term Mkt,Philadelphia,Philadelphia,PA,19143,2153721718,2158294221,vincent.meinerding@hotmail.com,http://www.arturipeterdesq.com
219,Rima,Bevelacqua,Mcauley Mfg Co,2972 Lafayette Ave,Gardena,Los Angeles,CA,90248,3108585079,3104994200,rima@cox.net,http://www.mcauleymfgco.com
220,Glendora,Sarbacher,Defur Voran Hanley Radcliff,2140 Diamond Blvd,Rohnert Park,Sonoma,CA,94928,7076538214,7078813154,gsarbacher@gmail.com,http://www.defurvoranhanleyradcliff.com
221,Avery,Steier,Dill Dill Carr & Stonbraker Pc,93 Redmond Rd #492,Orlando,Orange,FL,32803,4078089439,4079458566,avery@cox.net,http://www.dilldillcarrstonbrakerpc.com
222,Cristy,Lother,Kleensteel,3989 Portage Tr,Escondido,San Diego,CA,92025,7609714322,7604654762,cristy@lother.com,http://www.kleensteel.com
223,Nicolette,Brossart,Goulds Pumps Inc Slurry Pump,1 Midway Rd,Westborough,Worcester,MA,1581,5088379230,5085046388,nicolette_brossart@brossart.com,http://www.gouldspumpsincslurrypump.com
224,Tracey,Modzelewski,Kansas City Insurance Report,77132 Coon Rapids Blvd Nw,Conroe,Montgomery,TX,77301,9362649294,9369888171,tracey@hotmail.com,http://www.kansascityinsurancereport.com
225,Virgina,Tegarden,Berhanu International Foods,755 Harbor Way,Milwaukee,Milwaukee,WI,53226,4142148697,4144115744,virgina_tegarden@tegarden.com,http://www.berhanuinternationalfoods.com
226,Tiera,Frankel,Roland Ashcroft,87 Sierra Rd,El Monte,Los Angeles,CA,91731,6266364117,6266384241,tfrankel@aol.com,http://www.rolandashcroft.com
227,Alaine,Bergesen,Hispanic Magazine,7667 S Hulen St #42,Yonkers,Westchester,NY,10701,9143009193,9146541426,alaine_bergesen@cox.net,http://www.hispanicmagazine.com
228,Earleen,Mai,Little Sheet Metal Co,75684 S Withlapopka Dr #32,Dallas,Dallas,TX,75227,2142891973,2147856750,earleen_mai@cox.net,http://www.littlesheetmetalco.com
229,Leonida,Gobern,"Holmes, Armstead J Esq",5 Elmwood Park Blvd,Biloxi,Harrison,MS,39530,2282355615,2284324635,leonida@gobern.org,http://www.holmesarmsteadjesq.com
230,Ressie,Auffrey,"Faw, James C Cpa",23 Palo Alto Sq,Miami,MiamiDade,FL,33134,3056048981,3052874743,ressie.auffrey@yahoo.com,http://www.fawjamesccpa.com
231,Justine,Mugnolo,Evans Rule Company,38062 E Main St,New York,New York,NY,10048,2123049225,2123116377,jmugnolo@yahoo.com,http://www.evansrulecompany.com
232,Eladia,Saulter,Tyee Productions Inc,3958 S Dupont Hwy #7,Ramsey,Bergen,NJ,7446,2014744924,2013658698,eladia@saulter.com,http://www.tyeeproductionsinc.com
233,Chaya,Malvin,Dunnells & Duvall,560 Civic Center Dr,Ann Arbor,Washtenaw,MI,48103,7349285182,7344088174,chaya@malvin.com,http://www.dunnellsduvall.com
234,Gwenn,Suffield,Deltam Systems Inc,3270 Dequindre Rd,Deer Park,Suffolk,NY,11729,6312586558,6312959879,gwenn_suffield@suffield.org,http://www.deltamsystemsinc.com
235,Salena,Karpel,Hammill Mfg Co,1 Garfield Ave #7,Canton,Stark,OH,44707,3307918557,3306182579,skarpel@cox.net,http://www.hammillmfgco.com
236,Yoko,Fishburne,Sams Corner Store,9122 Carpenter Ave,New Haven,New Haven,CT,6511,2035064706,2038408634,yoko@fishburne.com,http://www.samscornerstore.com
237,Taryn,Moyd,"Siskin, Mark J Esq",48 Lenox St,Fairfax,Fairfax City,VA,22030,7033224041,7039387939,taryn.moyd@hotmail.com,http://www.siskinmarkjesq.com
238,Katina,Polidori,Cape & Associates Real Estate,5 Little River Tpke,Wilmington,Middlesex,MA,1887,9786262978,9786797429,katina_polidori@aol.com,http://www.capeassociatesrealestate.com
239,Rickie,Plumer,Merrill Lynch,3 N Groesbeck Hwy,Toledo,Lucas,OH,43613,4196931334,4193135571,rickie.plumer@aol.com,http://www.merrilllynch.com
240,Alex,Loader,"Sublett, Scott Esq",37 N Elm St #916,Tacoma,Pierce,WA,98409,2536607821,2538759222,alex@loader.com,http://www.sublettscottesq.com
241,Lashon,Vizarro,Sentry Signs,433 Westminster Blvd #590,Roseville,Placer,CA,95661,9167417884,9162894526,lashon@aol.com,http://www.sentrysigns.com
242,Lauran,Burnard,Professionals Unlimited,66697 Park Pl #3224,Riverton,Fremont,WY,82501,3073427795,3074537589,lburnard@burnard.com,http://www.professionalsunlimited.com
243,Ceola,Setter,Southern Steel Shelving Co,96263 Greenwood Pl,Warren,Knox,ME,4864,2076277565,2072975029,ceola.setter@setter.org,http://www.southernsteelshelvingco.com
244,My,Rantanen,"Bosco, Paul J",8 Mcarthur Ln,Richboro,Bucks,PA,18954,2154915633,2156472158,my@hotmail.com,http://www.boscopaulj.com
245,Lorrine,Worlds,"Longo, Nicholas J Esq",8 Fair Lawn Ave,Tampa,Hillsborough,FL,33614,8137692939,8138636467,lorrine.worlds@worlds.com,http://www.longonicholasjesq.com
246,Peggie,Sturiale,Henry County Middle School,9 N 14th St,El Cajon,San Diego,CA,92020,6196081763,6196958086,peggie@cox.net,http://www.henrycountymiddleschool.com
247,Marvel,Raymo,Edison Supply & Equipment Co,9 Vanowen St,College Station,Brazos,TX,77840,9797188968,9798095770,mraymo@yahoo.com,http://www.edisonsupplyequipmentco.com
248,Daron,Dinos,"Wolf, Warren R Esq",18 Waterloo Geneva Rd,Highland Park,Lake,IL,60035,8472333075,8472656609,daron_dinos@cox.net,http://www.wolfwarrenresq.com
249,An,Fritz,Linguistic Systems Inc,506 S Hacienda Dr,Atlantic City,Atlantic,NJ,8401,6092285265,6098547156,an_fritz@hotmail.com,http://www.linguisticsystemsinc.com
250,Portia,Stimmel,Peace Christian Center,3732 Sherman Ave,Bridgewater,Somerset,NJ,8807,9087227128,9086704712,portia.stimmel@aol.com,http://www.peacechristiancenter.com
251,Rhea,Aredondo,Double B Foods Inc,25657 Live Oak St,Brooklyn,Kings,NY,11226,7185609537,7182804183,rhea_aredondo@cox.net,http://www.doublebfoodsinc.com
252,Benedict,Sama,Alexander & Alexander Inc,4923 Carey Ave,Saint Louis,Saint Louis City,MO,63104,3147871588,3148584832,bsama@cox.net,http://www.alexanderalexanderinc.com
253,Alyce,Arias,Fairbanks Scales,3196 S Rider Trl,Stockton,San Joaquin,CA,95207,2093171801,2092427022,alyce@arias.org,http://www.fairbanksscales.com
254,Heike,Berganza,Cali Sportswear Cutting Dept,3 Railway Ave #75,Little Falls,Passaic,NJ,7424,9739365095,9738228827,heike@gmail.com,http://www.calisportswearcuttingdept.com
255,Carey,Dopico,"Garofani, John Esq",87393 E Highland Rd,Indianapolis,Marion,IN,46220,3175782453,3174415848,carey_dopico@dopico.org,http://www.garofanijohnesq.com
256,Dottie,Hellickson,Thompson Fabricating Co,67 E Chestnut Hill Rd,Seattle,King,WA,98133,2065406076,2062955631,dottie@hellickson.org,http://www.thompsonfabricatingco.com
257,Deandrea,Hughey,Century 21 Krall Real Estate,33 Lewis Rd #46,Burlington,Alamance,NC,27215,3368227652,3364673095,deandrea@yahoo.com,http://www.centurykrallrealestate.com
258,Kimberlie,Duenas,Mid Contntl Rlty & Prop Mgmt,8100 Jacksonville Rd #7,Hays,Ellis,KS,67601,7856298542,7856161685,kimberlie_duenas@yahoo.com,http://www.midcontntlrltypropmgmt.com
259,Martina,Staback,Ace Signs Inc,7 W Wabansia Ave #227,Orlando,Orange,FL,32822,4074716908,4074292145,martina_staback@staback.com,http://www.acesignsinc.com
260,Skye,Fillingim,Rodeway Inn,25 Minters Chapel Rd #9,Minneapolis,Hennepin,MN,55401,6125082655,6126646304,skye_fillingim@yahoo.com,http://www.rodewayinn.com
261,Jade,Farrar,Bonnet & Daughter,6882 Torresdale Ave,Columbia,Richland,SC,29201,8033525387,8039753405,jade.farrar@yahoo.com,http://www.bonnetdaughter.com
262,Charlene,Hamilton,Oshins & Gibbons,985 E 6th Ave,Santa Rosa,Sonoma,CA,95407,7073001771,7078218037,charlene.hamilton@hotmail.com,http://www.oshinsgibbons.com
263,Geoffrey,Acey,Price Business Services,7 West Ave #1,Palatine,Cook,IL,60067,8472221734,8475562909,geoffrey@gmail.com,http://www.pricebusinessservices.com
264,Stevie,Westerbeck,"Wise, Dennis W Md",26659 N 13th St,Costa Mesa,Orange,CA,92626,9498674077,9499033898,stevie.westerbeck@yahoo.com,http://www.wisedenniswmd.com
265,Pamella,Fortino,Super 8 Motel,669 Packerland Dr #1438,Denver,Denver,CO,80212,3034042210,3037941341,pamella@fortino.com,http://www.supermotel.com
266,Harrison,Haufler,John Wagner Associates,759 Eldora St,New Haven,New Haven,CT,6515,2038016193,2038018497,hhaufler@hotmail.com,http://www.johnwagnerassociates.com
267,Johnna,Engelberg,Thrifty Oil Co,5 S Colorado Blvd #449,Bothell,Snohomish,WA,98021,4259867573,4257003751,jengelberg@engelberg.org,http://www.thriftyoilco.com
268,Buddy,Cloney,Larkfield Photo,944 Gaither Dr,Strongsville,Cuyahoga,OH,44136,4409895826,4403272093,buddy.cloney@yahoo.com,http://www.larkfieldphoto.com
269,Dalene,Riden,Silverman Planetarium,66552 Malone Rd,Plaistow,Rockingham,NH,3865,6033156839,6037457497,dalene.riden@aol.com,http://www.silvermanplanetarium.com
270,Jerry,Zurcher,J & F Lumber,77 Massillon Rd #822,Satellite Beach,Brevard,FL,32937,3215185938,3215972159,jzurcher@zurcher.org,http://www.jflumber.com
271,Haydee,Denooyer,Cleaning Station Inc,25346 New Rd,New York,New York,NY,10016,2127928658,2127823493,hdenooyer@denooyer.org,http://www.cleaningstationinc.com
272,Joseph,Cryer,Ames Stationers,60 Fillmore Ave,Huntington Beach,Orange,CA,92647,7145842237,7146982170,joseph_cryer@cox.net,http://www.amesstationers.com
273,Deonna,Kippley,Midas Muffler Shops,57 Haven Ave #90,Southfield,Oakland,MI,48075,2489134677,2487934966,deonna_kippley@hotmail.com,http://www.midasmufflershops.com
274,Raymon,Calvaresi,Seaboard Securities Inc,6538 E Pomona St #60,Indianapolis,Marion,IN,46222,3178254724,3173421532,raymon.calvaresi@gmail.com,http://www.seaboardsecuritiesinc.com
275,Alecia,Bubash,"Petersen, James E Esq",6535 Joyce St,Wichita Falls,Wichita,TX,76301,9402767922,9403023036,alecia@aol.com,http://www.petersenjameseesq.com
276,Ma,Layous,Development Authority,78112 Morris Ave,North Haven,New Haven,CT,6473,2037213388,2035641543,mlayous@hotmail.com,http://www.developmentauthority.com
277,Detra,Coyier,Schott Fiber Optics Inc,96950 Hidden Ln,Aberdeen,Harford,MD,21001,4107399277,4102592118,detra@aol.com,http://www.schottfiberopticsinc.com
278,Terrilyn,Rodeigues,Stuart J Agins,3718 S Main St,New Orleans,Orleans,LA,70130,5044634384,5046358518,terrilyn.rodeigues@cox.net,http://www.stuartjagins.com
279,Salome,Lacovara,Mitsumi Electronics Corp,9677 Commerce Dr,Richmond,Richmond City,VA,23219,8045505097,8048581011,slacovara@gmail.com,http://www.mitsumielectronicscorp.com
280,Garry,Keetch,Italian Express Franchise Corp,5 Green Pond Rd #4,Southampton,Bucks,PA,18966,2159798776,2158469046,garry_keetch@hotmail.com,http://www.italianexpressfranchisecorp.com
281,Matthew,Neither,American Council On Sci & Hlth,636 Commerce Dr #42,Shakopee,Scott,MN,55379,9526517597,9529064597,mneither@yahoo.com,http://www.americancouncilonscihlth.com
282,Theodora,Restrepo,"Kleri, Patricia S Esq",42744 Hamann Industrial Pky #82,Miami,MiamiDade,FL,33136,3059368226,3055731085,theodora.restrepo@restrepo.com,http://www.kleripatriciasesq.com
283,Noah,Kalafatis,Twiggs Abrams Blanchard,1950 5th Ave,Milwaukee,Milwaukee,WI,53209,4142635287,4146609766,noah.kalafatis@aol.com,http://www.twiggsabramsblanchard.com
284,Carmen,Sweigard,Maui Research & Technology Pk,61304 N French Rd,Somerset,Somerset,NJ,8873,7329412621,7324456940,csweigard@sweigard.com,http://www.mauiresearchtechnologypk.com
285,Lavonda,Hengel,Bradley Nameplate Corp,87 Imperial Ct #79,Fargo,Cass,ND,58102,7018982154,7014217080,lavonda@cox.net,http://www.bradleynameplatecorp.com
286,Junita,Stoltzman,Geonex Martel Inc,94 W Dodge Rd,Carson City,Carson City,NV,89701,7756389963,7755781214,junita@aol.com,http://www.geonexmartelinc.com
287,Herminia,Nicolozakes,Sea Island Div Of Fstr Ind Inc,4 58th St #3519,Scottsdale,Maricopa,AZ,85254,6029545141,6023046433,herminia@nicolozakes.org,http://www.seaislanddivoffstrindinc.com
288,Casie,Good,"Papay, Debbie J Esq",5221 Bear Valley Rd,Nashville,Davidson,TN,37211,6153902251,6158254297,casie.good@aol.com,http://www.papaydebbiejesq.com
289,Reena,Maisto,Lane Promotions,9648 S Main,Salisbury,Wicomico,MD,21801,4103511863,4109512667,reena@hotmail.com,http://www.lanepromotions.com
290,Mirta,Mallett,Stephen Kennerly Archts Inc Pc,7 S San Marcos Rd,New York,New York,NY,10004,2128701286,2127456948,mirta_mallett@gmail.com,http://www.stephenkennerlyarchtsincpc.com
291,Cathrine,Pontoriero,Business Systems Of Wis Inc,812 S Haven St,Amarillo,Randall,TX,79109,8067031435,8065585848,cathrine.pontoriero@pontoriero.com,http://www.businesssystemsofwisinc.com
292,Filiberto,Tawil,"Flash, Elena Salerno Esq",3882 W Congress St #799,Los Angeles,Los Angeles,CA,90016,3237652528,3238428226,ftawil@hotmail.com,http://www.flashelenasalernoesq.com
293,Raul,Upthegrove,"Neeley, Gregory W Esq",4 E Colonial Dr,La Mesa,San Diego,CA,91942,6195095282,6196664765,rupthegrove@yahoo.com,http://www.neeleygregorywesq.com
294,Sarah,Candlish,Alabama Educational Tv Comm,45 2nd Ave #9759,Atlanta,Fulton,GA,30328,7707321194,7705312842,sarah.candlish@gmail.com,http://www.alabamaeducationaltvcomm.com
295,Lucy,Treston,Franz Inc,57254 Brickell Ave #372,Worcester,Worcester,MA,1602,5087695250,5085025634,lucy@cox.net,http://www.franzinc.com
296,Judy,Aquas,Plantation Restaurant,8977 Connecticut Ave Nw #3,Niles,Berrien,MI,49120,2697567222,2694319464,jaquas@aquas.com,http://www.plantationrestaurant.com
297,Yvonne,Tjepkema,Radio Communications Co,9 Waydell St,Fairfield,Essex,NJ,7004,9737141721,9739768627,yvonne.tjepkema@hotmail.com,http://www.radiocommunicationsco.com
298,Kayleigh,Lace,Dentalaw Divsn Hlth Care,43 Huey P Long Ave,Lafayette,Lafayette,LA,70508,3377409323,3377512326,kayleigh.lace@yahoo.com,http://www.dentalawdivsnhlthcare.com
299,Felix,Hirpara,American Speedy Printing Ctrs,7563 Cornwall Rd #4462,Denver,Lancaster,PA,17517,7174915643,7175831497,felix_hirpara@cox.net,http://www.americanspeedyprintingctrs.com
300,Tresa,Sweely,"Grayson, Grant S Esq",22 Bridle Ln,Valley Park,Saint Louis,MO,63088,3143599566,3142313514,tresa_sweely@hotmail.com,http://www.graysongrantsesq.com
301,Kristeen,Turinetti,Jeanerette Middle School,70099 E North Ave,Arlington,Tarrant,TX,76013,8172138851,8179479480,kristeen@gmail.com,http://www.jeanerettemiddleschool.com
302,Jenelle,Regusters,"Haavisto, Brian F Esq",3211 E Northeast Loop,Tampa,Hillsborough,FL,33619,8139328715,8133577296,jregusters@regusters.com,http://www.haavistobrianfesq.com
303,Renea,Monterrubio,Wmmt Radio Station,26 Montgomery St,Atlanta,Fulton,GA,30328,7706794752,7709309967,renea@hotmail.com,http://www.wmmtradiostation.com
304,Olive,Matuszak,Colony Paints Sales Ofc & Plnt,13252 Lighthouse Ave,Cathedral City,Riverside,CA,92234,7609386069,7607452649,olive@aol.com,http://www.colonypaintssalesofcplnt.com
305,Ligia,Reiber,Floral Expressions,206 Main St #2804,Lansing,Ingham,MI,48933,5179061108,5177477664,lreiber@cox.net,http://www.floralexpressions.com
306,Christiane,Eschberger,Casco Services Inc,96541 W Central Blvd,Phoenix,Maricopa,AZ,85034,6023904944,6023306894,christiane.eschberger@yahoo.com,http://www.cascoservicesinc.com
307,Goldie,Schirpke,"Reuter, Arthur C Jr",34 Saint George Ave #2,Bangor,Penobscot,ME,4401,2072957569,2077483722,goldie.schirpke@yahoo.com,http://www.reuterarthurcjr.com
308,Loreta,Timenez,"Kaminski, Katherine Andritsaki",47857 Coney Island Ave,Clinton,Prince Georges,MD,20735,3016966420,3013926698,loreta.timenez@hotmail.com,http://www.kaminskikatherineandritsaki.com
309,Fabiola,Hauenstein,Sidewinder Products Corp,8573 Lincoln Blvd,York,York,PA,17404,7178093119,7173442804,fabiola.hauenstein@hauenstein.org,http://www.sidewinderproductscorp.com
310,Amie,Perigo,General Foam Corporation,596 Santa Maria Ave #7913,Mesquite,Dallas,TX,75150,9724197946,9728981033,amie.perigo@yahoo.com,http://www.generalfoamcorporation.com
311,Raina,Brachle,Ikg Borden Divsn Harsco Corp,3829 Ventura Blvd,Butte,Silver Bow,MT,59701,4063181515,4063747752,raina.brachle@brachle.org,http://www.ikgbordendivsnharscocorp.com
312,Erinn,Canlas,Anchor Computer Inc,13 S Hacienda Dr,Livingston,Essex,NJ,7039,9737673008,9735639502,erinn.canlas@canlas.com,http://www.anchorcomputerinc.com
313,Cherry,Lietz,Sebring & Co,40 9th Ave Sw #91,Waterford,Oakland,MI,48329,2489806904,2486977722,cherry@lietz.com,http://www.sebringco.com
314,Kattie,Vonasek,H A C Farm Lines Co Optv Assoc,2845 Boulder Crescent St,Cleveland,Cuyahoga,OH,44103,2169233715,2162709653,kattie@vonasek.org,http://www.hacfarmlinescooptvassoc.com
315,Lilli,Scriven,"Hunter, John J Esq",33 State St,Abilene,Taylor,TX,79601,3256311560,3256677868,lilli@aol.com,http://www.hunterjohnjesq.com
316,Whitley,Tomasulo,Freehold Fence Co,2 S 15th St,Fort Worth,Tarrant,TX,76107,8175264408,8178197799,whitley.tomasulo@aol.com,http://www.freeholdfenceco.com
317,Barbra,Adkin,Binswanger,4 Kohler Memorial Dr,Brooklyn,Kings,NY,11230,7182013751,7187329475,badkin@hotmail.com,http://www.binswanger.com
318,Hermila,Thyberg,Chilton Malting Co,1 Rancho Del Mar Shopping C,Providence,Providence,RI,2903,4018934882,4018857681,hermila_thyberg@hotmail.com,http://www.chiltonmaltingco.com
319,Jesusita,Flister,"Schoen, Edward J Jr",3943 N Highland Ave,Lancaster,Lancaster,PA,17601,7178859118,7176867564,jesusita.flister@hotmail.com,http://www.schoenedwardjjr.com
320,Caitlin,Julia,"Helderman, Seymour Cpa",5 Williams St,Johnston,Providence,RI,2919,4019484982,4015529059,caitlin.julia@julia.org,http://www.heldermanseymourcpa.com
321,Roosevelt,Hoffis,"Denbrook, Myron",60 Old Dover Rd,Hialeah,MiamiDade,FL,33014,3056224739,3053021135,roosevelt.hoffis@aol.com,http://www.denbrookmyron.com
322,Helaine,Halter,"Lippitt, Mike",8 Sheridan Rd,Jersey City,Hudson,NJ,7304,2018324168,2014123040,hhalter@yahoo.com,http://www.lippittmike.com
323,Lorean,Martabano,"Hiram, Hogg P Esq",85092 Southern Blvd,San Antonio,Bexar,TX,78204,2108564979,2106342447,lorean.martabano@hotmail.com,http://www.hiramhoggpesq.com
324,France,Buzick,In Travel Agency,64 Newman Springs Rd E,Brooklyn,Kings,NY,11219,7184788504,7188533740,france.buzick@yahoo.com,http://www.intravelagency.com
325,Justine,Ferrario,Newhart Foods Inc,48 Stratford Ave,Pomona,Los Angeles,CA,91768,9099933242,9096315703,jferrario@hotmail.com,http://www.newhartfoodsinc.com
326,Adelina,Nabours,Courtyard By Marriott,80 Pittsford Victor Rd #9,Cleveland,Cuyahoga,OH,44103,2162304892,2169375320,adelina_nabours@gmail.com,http://www.courtyardbymarriott.com
327,Derick,Dhamer,"Studer, Eugene A Esq",87163 N Main Ave,New York,New York,NY,10013,2123044515,2122259676,ddhamer@cox.net,http://www.studereugeneaesq.com
328,Jerry,Dallen,Seashore Supply Co Waretown,393 Lafayette Ave,Richmond,Richmond City,VA,23219,8047629576,8048089574,jerry.dallen@yahoo.com,http://www.seashoresupplycowaretown.com
329,Leota,Ragel,Mayar Silk Inc,99 5th Ave #33,Trion,Chattooga,GA,30753,7062214243,7066165131,leota.ragel@gmail.com,http://www.mayarsilkinc.com
330,Jutta,Amyot,National Medical Excess Corp,49 N Mays St,Broussard,Lafayette,LA,70518,3375151438,3379918070,jamyot@hotmail.com,http://www.nationalmedicalexcesscorp.com
331,Aja,Gehrett,Stero Company,993 Washington Ave,Nutley,Essex,NJ,7110,9735442677,9739864456,aja_gehrett@hotmail.com,http://www.sterocompany.com
332,Kirk,Herritt,"Hasting, H Duane Esq",88 15th Ave Ne,Vestal,Broome,NY,13850,6074073716,6073507690,kirk.herritt@aol.com,http://www.hastinghduaneesq.com
333,Leonora,Mauson,Insty Prints,3381 E 40th Ave,Passaic,Passaic,NJ,7055,9734122995,9733552120,leonora@yahoo.com,http://www.instyprints.com
334,Winfred,Brucato,Glenridge Manor Mobile Home Pk,201 Ridgewood Rd,Moscow,Latah,ID,83843,2082524552,2087934108,winfred_brucato@hotmail.com,http://www.glenridgemanormobilehomepk.com
335,Tarra,Nachor,Circuit Solution Inc,39 Moccasin Dr,San Francisco,San Francisco,CA,94104,4154111775,4152842730,tarra.nachor@cox.net,http://www.circuitsolutioninc.com
336,Corinne,Loder,Local Office,4 Carroll St,North Attleboro,Bristol,MA,2760,5089424186,5086187826,corinne@loder.org,http://www.localoffice.com
337,Dulce,Labreche,Lee Kilkelly Paulson & Kabaker,9581 E Arapahoe Rd,Rochester,Oakland,MI,48307,2483578718,2488115696,dulce_labreche@yahoo.com,http://www.leekilkellypaulsonkabaker.com
338,Kate,Keneipp,"Davis, Maxon R Esq",33 N Michigan Ave,Green Bay,Brown,WI,54301,9203536377,9203551610,kate_keneipp@yahoo.com,http://www.davismaxonresq.com
339,Kaitlyn,Ogg,"Garrison, Paul E Esq",2 S Biscayne Blvd,Baltimore,Baltimore City,MD,21230,4106654903,4107733862,kaitlyn.ogg@gmail.com,http://www.garrisonpauleesq.com
340,Sherita,Saras,Black History Resource Center,8 Us Highway 22,Colorado Springs,El Paso,CO,80937,7196691664,7195479543,sherita.saras@cox.net,http://www.blackhistoryresourcecenter.com
341,Lashawnda,Stuer,"Rodriguez, J Christopher Esq",7422 Martin Ave #8,Toledo,Lucas,OH,43607,4195888719,4193991744,lstuer@cox.net,http://www.rodriguezjchristopheresq.com
342,Ernest,Syrop,Grant Family Health Center,94 Chase Rd,Hyattsville,Prince Georges,MD,20785,3019989644,3012574883,ernest@cox.net,http://www.grantfamilyhealthcenter.com
343,Nobuko,Halsey,Goeman Wood Products Inc,8139 I Hwy 10 #92,New Bedford,Bristol,MA,2745,5088559887,5088977916,nobuko.halsey@yahoo.com,http://www.goemanwoodproductsinc.com
344,Lavonna,Wolny,"Linhares, Kenneth A Esq",5 Cabot Rd,Mc Lean,Fairfax,VA,22102,7034831970,7038922914,lavonna.wolny@hotmail.com,http://www.linhareskennethaesq.com
345,Lashaunda,Lizama,Earnhardt Printing,3387 Ryan Dr,Hanover,Anne Arundel,MD,21076,4106782473,4109126032,llizama@cox.net,http://www.earnhardtprinting.com
346,Mariann,Bilden,H P G Industrys Inc,3125 Packer Ave #9851,Austin,Travis,TX,78753,5122234791,5127421149,mariann.bilden@aol.com,http://www.hpgindustrysinc.com
347,Helene,Rodenberger,Bailey Transportation Prod Inc,347 Chestnut St,Peoria,Maricopa,AZ,85381,6234618551,6234264907,helene@aol.com,http://www.baileytransportationprodinc.com
348,Roselle,Estell,Mcglynn Bliss Pc,8116 Mount Vernon Ave,Bucyrus,Crawford,OH,44820,4195715920,4194886648,roselle.estell@hotmail.com,http://www.mcglynnblisspc.com
349,Samira,Heintzman,Mutual Fish Co,8772 Old County Rd #5410,Kent,King,WA,98032,2063114137,2069236042,sheintzman@hotmail.com,http://www.mutualfishco.com
350,Margart,Meisel,"Yeates, Arthur L Aia",868 State St #38,Cincinnati,Hamilton,OH,45251,5136172362,5137479603,margart_meisel@yahoo.com,http://www.yeatesarthurlaia.com
351,Kristofer,Bennick,"Logan, Ronald J Esq",772 W River Dr,Bloomington,Monroe,IN,47404,8123681511,8124428544,kristofer.bennick@yahoo.com,http://www.loganronaldjesq.com
352,Weldon,Acuff,Advantage Martgage Company,73 W Barstow Ave,Arlington Heights,Cook,IL,60004,8473532156,8476135866,wacuff@gmail.com,http://www.advantagemartgagecompany.com
353,Shalon,Shadrick,Germer And Gertz Llp,61047 Mayfield Ave,Brooklyn,Kings,NY,11223,7182322337,7183944974,shalon@cox.net,http://www.germerandgertzllp.com
354,Denise,Patak,Spence Law Offices,2139 Santa Rosa Ave,Orlando,Orange,FL,32801,4074464358,4078083254,denise@patak.org,http://www.spencelawoffices.com
355,Louvenia,Beech,John Ortiz Nts Therapy Center,598 43rd St,Beverly Hills,Los Angeles,CA,90210,3108202117,3106522379,louvenia.beech@beech.com,http://www.johnortizntstherapycenter.com
356,Audry,Yaw,Mike Uchrin Htg & Air Cond Inc,70295 Pioneer Ct,Brandon,Hillsborough,FL,33511,8137974816,8137447100,audry.yaw@yaw.org,http://www.mikeuchrinhtgaircondinc.com
357,Kristel,Ehmann,"Mccoy, Joy Reynolds Esq",92899 Kalakaua Ave,El Paso,El Paso,TX,79925,9154521290,9153006100,kristel.ehmann@aol.com,http://www.mccoyjoyreynoldsesq.com
358,Vincenza,Zepp,Kbor 1600 Am,395 S 6th St #2,El Cajon,San Diego,CA,92020,6196035125,6199356661,vzepp@gmail.com,http://www.kboram.com
359,Elouise,Gwalthney,Quality Inn Northwest,9506 Edgemore Ave,Bladensburg,Prince Georges,MD,20710,3018415012,3015913034,egwalthney@yahoo.com,http://www.qualityinnnorthwest.com
360,Venita,Maillard,Wallace Church Assoc Inc,72119 S Walker Ave #63,Anaheim,Orange,CA,92801,7145236653,7146639740,venita_maillard@gmail.com,http://www.wallacechurchassocinc.com
361,Kasandra,Semidey,Can Tron,369 Latham St #500,Saint Louis,Saint Louis City,MO,63102,3147329131,3146973652,kasandra_semidey@semidey.com,http://www.cantron.com
362,Xochitl,Discipio,Ravaal Enterprises Inc,3158 Runamuck Pl,Round Rock,Williamson,TX,78664,5122331831,5129423411,xdiscipio@gmail.com,http://www.ravaalenterprisesinc.com
363,Maile,Linahan,Thompson Steel Company Inc,9 Plainsboro Rd #598,Greensboro,Guilford,NC,27409,3366702640,3363646037,mlinahan@yahoo.com,http://www.thompsonsteelcompanyinc.com
364,Krissy,Rauser,"Anderson, Mark A Esq",8728 S Broad St,Coram,Suffolk,NY,11727,6314434710,6312882866,krauser@cox.net,http://www.andersonmarkaesq.com
365,Pete,Dubaldi,Womack & Galich,2215 Prosperity Dr,Lyndhurst,Bergen,NJ,7071,2018252514,2017498866,pdubaldi@hotmail.com,http://www.womackgalich.com
366,Linn,Paa,Valerie & Company,1 S Pine St,Memphis,Shelby,TN,38112,9014124381,9015739024,linn_paa@paa.com,http://www.valeriecompany.com
367,Paris,Wide,Gehring Pumps Inc,187 Market St,Atlanta,Fulton,GA,30342,4045054445,4046078435,paris@hotmail.com,http://www.gehringpumpsinc.com
368,Wynell,Dorshorst,"Haehnel, Craig W Esq",94290 S Buchanan St,Pacifica,San Mateo,CA,94044,6504731262,6507499879,wynell_dorshorst@dorshorst.org,http://www.haehnelcraigwesq.com
369,Quentin,Birkner,Spoor Behrins Campbell & Young,7061 N 2nd St,Burnsville,Dakota,MN,55337,9527027993,9523145871,qbirkner@aol.com,http://www.spoorbehrinscampbellyoung.com
370,Regenia,Kannady,Ken Jeter Store Equipment Inc,10759 Main St,Scottsdale,Maricopa,AZ,85260,4807261280,4802055121,regenia.kannady@cox.net,http://www.kenjeterstoreequipmentinc.com
371,Sheron,Louissant,"Potter, Brenda J Cpa",97 E 3rd St #9,Long Island City,Queens,NY,11101,7189768610,7186139994,sheron@aol.com,http://www.potterbrendajcpa.com
372,Izetta,Funnell,Baird Kurtz & Dobson,82 Winsor St #54,Atlanta,Dekalb,GA,30340,7708443447,7705844119,izetta.funnell@hotmail.com,http://www.bairdkurtzdobson.com
373,Rodolfo,Butzen,"Minor, Cynthia A Esq",41 Steel Ct,Northfield,Rice,MN,55057,5072103510,5075905237,rodolfo@hotmail.com,http://www.minorcynthiaaesq.com
374,Zona,Colla,"Solove, Robert A Esq",49440 Dearborn St,Norwalk,Fairfield,CT,6854,2034611949,2039382557,zona@hotmail.com,http://www.soloverobertaesq.com
375,Serina,Zagen,Mark Ii Imports Inc,7 S Beverly Dr,Fort Wayne,Allen,IN,46802,2602733725,2603824869,szagen@aol.com,http://www.markiiimportsinc.com
376,Paz,Sahagun,White Sign Div Ctrl Equip Co,919 Wall Blvd,Meridian,Lauderdale,MS,39307,6019278287,6012494511,paz_sahagun@cox.net,http://www.whitesigndivctrlequipco.com
377,Markus,Lukasik,M & M Store Fixtures Co Inc,89 20th St E #779,Sterling Heights,Macomb,MI,48310,5869707380,5862471614,markus@yahoo.com,http://www.mmstorefixturescoinc.com
378,Jaclyn,Bachman,Judah Caster & Wheel Co,721 Interstate 45 S,Colorado Springs,El Paso,CO,80919,7198533600,7192232074,jaclyn@aol.com,http://www.judahcasterwheelco.com
379,Cyril,Daufeldt,Galaxy International Inc,3 Lawton St,New York,New York,NY,10013,2127458484,2124225427,cyril_daufeldt@daufeldt.com,http://www.galaxyinternationalinc.com
380,Gayla,Schnitzler,Sigma Corp Of America,38 Pleasant Hill Rd,Hayward,Alameda,CA,94545,5106863407,5104414055,gschnitzler@gmail.com,http://www.sigmacorpofamerica.com
381,Erick,Nievas,"Soward, Anne Esq",45 E Acacia Ct,Chicago,Cook,IL,60624,7737049903,7733596109,erick_nievas@aol.com,http://www.sowardanneesq.com
382,Jennie,Drymon,"Osborne, Michelle M Esq",63728 Poway Rd #1,Scranton,Lackawanna,PA,18509,5702184831,5708688688,jennie@cox.net,http://www.osbornemichellemesq.com
383,Mitsue,Scipione,Students In Free Entrprs Natl,77 222 Dr,Oroville,Butte,CA,95965,5309869272,5303993254,mscipione@scipione.com,http://www.studentsinfreeentrprsnatl.com
384,Ciara,Ventura,"Johnson, Robert M Esq",53 W Carey St,Port Jervis,Orange,NY,12771,8458238877,8456947919,cventura@yahoo.com,http://www.johnsonrobertmesq.com
385,Galen,Cantres,Del Charro Apartments,617 Nw 36th Ave,Brook Park,Cuyahoga,OH,44142,2166006111,2168716876,galen@yahoo.com,http://www.delcharroapartments.com
386,Truman,Feichtner,Legal Search Inc,539 Coldwater Canyon Ave,Bloomfield,Essex,NJ,7003,9738522736,9734735108,tfeichtner@yahoo.com,http://www.legalsearchinc.com
387,Gail,Kitty,Service Supply Co Inc,735 Crawford Dr,Anchorage,Anchorage,AK,99501,9074359166,9077703542,gail@kitty.com,http://www.servicesupplycoinc.com
388,Dalene,Schoeneck,"Sameshima, Douglas J Esq",910 Rahway Ave,Philadelphia,Philadelphia,PA,19102,2152681275,2153808820,dalene@schoeneck.org,http://www.sameshimadouglasjesq.com
389,Gertude,Witten,"Thompson, John Randolph Jr",7 Tarrytown Rd,Cincinnati,Hamilton,OH,45217,5139777043,5138639471,gertude.witten@gmail.com,http://www.thompsonjohnrandolphjr.com
390,Lizbeth,Kohl,E T Balancing Co Inc,35433 Blake St #588,Gardena,Los Angeles,CA,90248,3106991222,3109555788,lizbeth@yahoo.com,http://www.etbalancingcoinc.com
391,Glenn,Berray,"Griswold, John E Esq",29 Cherry St #7073,Des Moines,Polk,IA,50315,5153707348,5153721738,gberray@gmail.com,http://www.griswoldjohneesq.com
392,Lashandra,Klang,Acqua Group,810 N La Brea Ave,King of Prussia,Montgomery,PA,19406,6108091818,6103787332,lashandra@yahoo.com,http://www.acquagroup.com
393,Lenna,Newville,"Brooks, Morris J Jr",987 Main St,Raleigh,Wake,NC,27601,9196232524,9192545987,lnewville@newville.com,http://www.brooksmorrisjjr.com
394,Laurel,Pagliuca,Printing Images Corp,36 Enterprise St Se,Richland,Benton,WA,99352,5096955199,5095956485,laurel@yahoo.com,http://www.printingimagescorp.com
395,Mireya,Frerking,Roberts Supply Co Inc,8429 Miller Rd,Pelham,Westchester,NY,10803,9148685965,9148833061,mireya.frerking@hotmail.com,http://www.robertssupplycoinc.com
396,Annelle,Tagala,Vico Products Mfg Co,5 W 7th St,Parkville,Baltimore,MD,21234,4107571035,4102342267,annelle@yahoo.com,http://www.vicoproductsmfgco.com
397,Dean,Ketelsen,J M Custom Design Millwork,2 Flynn Rd,Hicksville,Nassau,NY,11801,5168474418,5167326649,dean_ketelsen@gmail.com,http://www.jmcustomdesignmillwork.com
398,Levi,Munis,Farrell & Johnson Office Equip,2094 Ne 36th Ave,Worcester,Worcester,MA,1603,5084564907,5086587802,levi.munis@gmail.com,http://www.farrelljohnsonofficeequip.com
399,Sylvie,Ryser,Millers Market & Deli,649 Tulane Ave,Tulsa,Tulsa,OK,74105,9186449555,9185651706,sylvie@aol.com,http://www.millersmarketdeli.com
400,Sharee,Maile,Holiday Inn Naperville,2094 Montour Blvd,Muskegon,Muskegon,MI,49442,2314679978,2312656940,sharee_maile@aol.com,http://www.holidayinnnaperville.com
401,Cordelia,Storment,"Burrows, Jon H Esq",393 Hammond Dr,Lafayette,Lafayette,LA,70506,3375666001,3372553427,cordelia_storment@aol.com,http://www.burrowsjonhesq.com
402,Mollie,Mcdoniel,Dock Seal Specialty,8590 Lake Lizzie Dr,Bowling Green,Wood,OH,43402,4199753182,4194174674,mollie_mcdoniel@yahoo.com,http://www.docksealspecialty.com
403,Brett,Mccullan,Five Star Limousines Of Tx Inc,87895 Concord Rd,La Mesa,San Diego,CA,91942,6194619984,6197273892,brett.mccullan@mccullan.com,http://www.fivestarlimousinesoftxinc.com
404,Teddy,Pedrozo,"Barkan, Neal J Esq",46314 Route 130,Bridgeport,Fairfield,CT,6610,2038923863,2039183939,teddy_pedrozo@aol.com,http://www.barkannealjesq.com
405,Tasia,Andreason,"Campbell, Robert A",4 Cowesett Ave,Kearny,Hudson,NJ,7032,2019209002,2019697063,tasia_andreason@yahoo.com,http://www.campbellroberta.com
406,Hubert,Walthall,"Dee, Deanna",95 Main Ave #2,Barberton,Summit,OH,44203,3309031345,3305668898,hubert@walthall.org,http://www.deedeanna.com
407,Arthur,Farrow,"Young, Timothy L Esq",28 S 7th St #2824,Englewood,Bergen,NJ,7631,2012385688,2017724377,arthur.farrow@yahoo.com,http://www.youngtimothylesq.com
408,Vilma,Berlanga,"Wells, D Fred Esq",79 S Howell Ave,Grand Rapids,Kent,MI,49546,6167373085,6165684113,vberlanga@berlanga.com,http://www.wellsdfredesq.com
409,Billye,Miro,"Gray, Francine H Esq",36 Lancaster Dr Se,Pearl,Rankin,MS,39208,6015675386,6016375479,billye_miro@cox.net,http://www.grayfrancinehesq.com
410,Glenna,Slayton,Toledo Iv Care,2759 Livingston Ave,Memphis,Shelby,TN,38118,9016409178,9018694314,glenna_slayton@cox.net,http://www.toledoivcare.com
411,Mitzie,Hudnall,Cangro Transmission Co,17 Jersey Ave,Englewood,Arapahoe,CO,80110,3034021940,3039977760,mitzie_hudnall@yahoo.com,http://www.cangrotransmissionco.com
412,Bernardine,Rodefer,Sat Poly Inc,2 W Grand Ave,Memphis,Shelby,TN,38112,9019014726,9017395892,bernardine_rodefer@yahoo.com,http://www.satpolyinc.com
413,Staci,Schmaltz,Midwest Contracting & Mfg Inc,18 Coronado Ave #563,Pasadena,Los Angeles,CA,91106,6268662339,6262937678,staci_schmaltz@aol.com,http://www.midwestcontractingmfginc.com
414,Nichelle,Meteer,Print Doctor,72 Beechwood Ter,Chicago,Cook,IL,60657,7732259985,7738572231,nichelle_meteer@meteer.com,http://www.printdoctor.com
415,Janine,Rhoden,Nordic Group Inc,92 Broadway,Astoria,Queens,NY,11103,7182285894,7187285051,jrhoden@yahoo.com,http://www.nordicgroupinc.com
416,Ettie,Hoopengardner,Jackson Millwork Co,39 Franklin Ave,Richland,Benton,WA,99352,5097555393,5098473352,ettie.hoopengardner@hotmail.com,http://www.jacksonmillworkco.com
417,Eden,Jayson,Harris Corporation,4 Iwaena St,Baltimore,Baltimore City,MD,21202,4108907866,4104294888,eden_jayson@yahoo.com,http://www.harriscorporation.com
418,Lynelle,Auber,United Cerebral Palsy Of Ne Pa,32820 Corkwood Rd,Newark,Essex,NJ,7104,9738608610,9736056492,lynelle_auber@gmail.com,http://www.unitedcerebralpalsyofnepa.com
419,Merissa,Tomblin,One Day Surgery Center Inc,34 Raritan Center Pky,Bellflower,Los Angeles,CA,90706,5625796900,5627197922,merissa.tomblin@gmail.com,http://www.onedaysurgerycenterinc.com
420,Golda,Kaniecki,Calaveras Prospect,6201 S Nevada Ave,Toms River,Ocean,NJ,8755,7326289909,7326175310,golda_kaniecki@yahoo.com,http://www.calaverasprospect.com
421,Catarina,Gleich,"Terk, Robert E Esq",78 Maryland Dr #146,Denville,Morris,NJ,7834,9732103994,9734918723,catarina_gleich@hotmail.com,http://www.terkroberteesq.com
422,Virgie,Kiel,"Cullen, Terrence P Esq",76598 Rd  I 95 #1,Denver,Denver,CO,80216,3037767548,3038455408,vkiel@hotmail.com,http://www.cullenterrencepesq.com
423,Jolene,Ostolaza,Central Die Casting Mfg Co Inc,1610 14th St Nw,Newport News,Newport News City,VA,23608,7576827116,7579401741,jolene@yahoo.com,http://www.centraldiecastingmfgcoinc.com
424,Keneth,Borgman,Centerline Engineering,86350 Roszel Rd,Phoenix,Maricopa,AZ,85012,6029194211,6024423092,keneth@yahoo.com,http://www.centerlineengineering.com
425,Rikki,Nayar,Targan & Kievit Pa,1644 Clove Rd,Miami,MiamiDade,FL,33155,3059689487,3059782069,rikki@nayar.com,http://www.targankievitpa.com
426,Elke,Sengbusch,Riley Riper Hollin & Colagreco,9 W Central Ave,Phoenix,Maricopa,AZ,85013,6028962993,6025753457,elke_sengbusch@yahoo.com,http://www.rileyriperhollincolagreco.com
427,Hoa,Sarao,"Kaplan, Joel S Esq",27846 Lafayette Ave,Oak Hill,Volusia,FL,32759,3865267800,3865997296,hoa@sarao.org,http://www.kaplanjoelsesq.com
428,Trinidad,Mcrae,Water Office,10276 Brooks St,San Francisco,San Francisco,CA,94105,4153319634,4154191597,trinidad_mcrae@yahoo.com,http://www.wateroffice.com
429,Mari,Lueckenbach,"Westbrooks, Nelson E Jr",1 Century Park E,San Diego,San Diego,CA,92110,8587939684,8582285683,mari_lueckenbach@yahoo.com,http://www.westbrooksnelsonejr.com
430,Selma,Husser,Armon Communications,9 State Highway 57 #22,Jersey City,Hudson,NJ,7306,2019918369,2017727699,selma.husser@cox.net,http://www.armoncommunications.com
431,Antione,Onofrio,Jacobs & Gerber Inc,4 S Washington Ave,San Bernardino,San Bernardino,CA,92410,9094307765,9096653223,aonofrio@onofrio.com,http://www.jacobsgerberinc.com
432,Luisa,Jurney,Forest Fire Laboratory,25 Se 176th Pl,Cambridge,Middlesex,MA,2138,6173652134,6175442541,ljurney@hotmail.com,http://www.forestfirelaboratory.com
433,Clorinda,Heimann,"Haughey, Charles Jr",105 Richmond Valley Rd,Escondido,San Diego,CA,92025,7602915497,7602614786,clorinda.heimann@hotmail.com,http://www.haugheycharlesjr.com
434,Dick,Wenzinger,Wheaton Plastic Products,22 Spruce St #595,Gardena,Los Angeles,CA,90248,3105109713,3109362258,dick@yahoo.com,http://www.wheatonplasticproducts.com
435,Ahmed,Angalich,Reese Plastics,2 W Beverly Blvd,Harrisburg,Dauphin,PA,17110,7175288996,7176325831,ahmed.angalich@angalich.com,http://www.reeseplastics.com
436,Iluminada,Ohms,Nazette Marner Good Wendt,72 Southern Blvd,Mesa,Maricopa,AZ,85204,4802932882,4808666544,iluminada.ohms@yahoo.com,http://www.nazettemarnergoodwendt.com
437,Joanna,Leinenbach,Levinson Axelrod Wheaton,1 Washington St,Lake Worth,Palm Beach,FL,33461,5614704574,5619519734,joanna_leinenbach@hotmail.com,http://www.levinsonaxelrodwheaton.com
438,Caprice,Suell,"Egnor, W Dan Esq",90177 N 55th Ave,Nashville,Davidson,TN,37211,6152461824,6157264537,caprice@aol.com,http://www.egnorwdanesq.com
439,Stephane,Myricks,Portland Central Thriftlodge,9 Tower Ave,Burlington,Boone,KY,41005,8597177638,8593084286,stephane_myricks@cox.net,http://www.portlandcentralthriftlodge.com
440,Quentin,Swayze,Ulbrich Trucking,278 Bayview Ave,Milan,Monroe,MI,48160,7345616170,7348518571,quentin_swayze@yahoo.com,http://www.ulbrichtrucking.com
441,Annmarie,Castros,Tipiak Inc,80312 W 32nd St,Conroe,Montgomery,TX,77301,9367517961,9369372334,annmarie_castros@gmail.com,http://www.tipiakinc.com
442,Shonda,Greenbush,Saint George Well Drilling,82 Us Highway 46,Clifton,Passaic,NJ,7011,9734822430,9736442974,shonda_greenbush@cox.net,http://www.saintgeorgewelldrilling.com
443,Cecil,Lapage,"Hawkes, Douglas D",4 Stovall St #72,Union City,Hudson,NJ,7087,2016933967,2018562720,clapage@lapage.com,http://www.hawkesdouglasd.com
444,Jeanice,Claucherty,Accurel Systems Intrntl Corp,19 Amboy Ave,Miami,MiamiDade,FL,33142,3059884162,3053067834,jeanice.claucherty@yahoo.com,http://www.accurelsystemsintrntlcorp.com
445,Josphine,Villanueva,Santa Cruz Community Internet,63 Smith Ln #8343,Moss,Clay,TN,38575,9315539774,9314866946,josphine_villanueva@villanueva.com,http://www.santacruzcommunityinternet.com
446,Daniel,Perruzza,Gersh & Danielson,11360 S Halsted St,Santa Ana,Orange,CA,92705,7147713880,7145311391,dperruzza@perruzza.com,http://www.gershdanielson.com
447,Cassi,Wildfong,"Cobb, James O Esq",26849 Jefferson Hwy,Rolling Meadows,Cook,IL,60008,8476333216,8477559041,cassi.wildfong@aol.com,http://www.cobbjamesoesq.com
448,Britt,Galam,Wheatley Trucking Company,2500 Pringle Rd Se #508,Hatfield,Montgomery,PA,19440,2158883304,2153518523,britt@galam.org,http://www.wheatleytruckingcompany.com
449,Adell,Lipkin,Systems Graph Inc Ab Dick Dlr,65 Mountain View Dr,Whippany,Morris,NJ,7981,9736541561,9736628988,adell.lipkin@lipkin.com,http://www.systemsgraphincabdickdlr.com
450,Jacqueline,Rowling,John Hancock Mutl Life Ins Co,1 N San Saba,Erie,Erie,PA,16501,8148658113,8144811700,jacqueline.rowling@yahoo.com,http://www.johnhancockmutllifeinsco.com
451,Lonny,Weglarz,History Division Of State,51120 State Route 18,Salt Lake City,Salt Lake,UT,84115,8012939853,8018928781,lonny_weglarz@gmail.com,http://www.historydivisionofstate.com
452,Lonna,Diestel,"Dimmock, Thomas J Esq",1482 College Ave,Fayetteville,Cumberland,NC,28301,9109223672,9102007912,lonna_diestel@gmail.com,http://www.dimmockthomasjesq.com
453,Cristal,Samara,Intermed Inc,4119 Metropolitan Dr,Los Angeles,Los Angeles,CA,90021,2139758026,2136968004,cristal@cox.net,http://www.intermedinc.com
454,Kenneth,Grenet,Bank Of New York,2167 Sierra Rd,East Lansing,Ingham,MI,48823,5174992322,5178678077,kenneth.grenet@grenet.org,http://www.bankofnewyork.com
455,Elli,Mclaird,Sportmaster Intrnatl,6 Sunrise Ave,Utica,Oneida,NY,13501,3158182638,3154745570,emclaird@mclaird.com,http://www.sportmasterintrnatl.com
456,Alline,Jeanty,W W John Holden Inc,55713 Lake City Hwy,South Bend,St Joseph,IN,46601,5746562800,5744051983,ajeanty@gmail.com,http://www.wwjohnholdeninc.com
457,Sharika,Eanes,Maccani & Delp,75698 N Fiesta Blvd,Orlando,Orange,FL,32806,4073121691,4074721332,sharika.eanes@aol.com,http://www.maccanidelp.com
458,Nu,Mcnease,Amazonia Film Project,88 Sw 28th Ter,Harrison,Hudson,NJ,7029,9737519003,9739034175,nu@gmail.com,http://www.amazoniafilmproject.com
459,Daniela,Comnick,Water & Sewer Department,7 Flowers Rd #403,Trenton,Mercer,NJ,8611,6092008577,6093982805,dcomnick@cox.net,http://www.watersewerdepartment.com
460,Cecilia,Colaizzo,Switchcraft Inc,4 Nw 12th St #3849,Madison,Dane,WI,53717,6083824541,6083023387,cecilia_colaizzo@colaizzo.com,http://www.switchcraftinc.com
461,Leslie,Threets,C W D C Metal Fabricators,2 A Kelley Dr,Katonah,Westchester,NY,10536,9148619748,9143962615,leslie@cox.net,http://www.cwdcmetalfabricators.com
462,Nan,Koppinger,"Shimotani, Grace T",88827 Frankford Ave,Greensboro,Guilford,NC,27401,3363705333,3365641492,nan@koppinger.com,http://www.shimotanigracet.com
463,Izetta,Dewar,"Lisatoni, Jean Esq",2 W Scyene Rd #3,Baltimore,Baltimore City,MD,21217,4104731708,4105227621,idewar@dewar.com,http://www.lisatonijeanesq.com
464,Tegan,Arceo,Ceramic Tile Sales Inc,62260 Park Stre,Monroe Township,Middlesex,NJ,8831,7327302692,7327056719,tegan.arceo@arceo.org,http://www.ceramictilesalesinc.com
465,Ruthann,Keener,Maiden Craft Inc,3424 29th St Se,Kerrville,Kerr,TX,78028,8302582769,8309195991,ruthann@hotmail.com,http://www.maidencraftinc.com
466,Joni,Breland,Carriage House Cllsn Rpr Inc,35 E Main St #43,Elk Grove Village,Cook,IL,60007,8475195906,8477405304,joni_breland@cox.net,http://www.carriagehousecllsnrprinc.com
467,Vi,Rentfro,Video Workshop,7163 W Clark Rd,Freehold,Monmouth,NJ,7728,7326054781,7327247251,vrentfro@cox.net,http://www.videoworkshop.com
468,Colette,Kardas,Fresno Tile Center Inc,21575 S Apple Creek Rd,Omaha,Douglas,NE,68124,4028965943,4027071602,colette.kardas@yahoo.com,http://www.fresnotilecenterinc.com
469,Malcolm,Tromblay,Versatile Sash & Woodwork,747 Leonis Blvd,Annandale,Fairfax,VA,22003,7032215602,7038744248,malcolm_tromblay@cox.net,http://www.versatilesashwoodwork.com
470,Ryan,Harnos,Warner Electric Brk & Cltch Co,13 Gunnison St,Plano,Collin,TX,75075,9725581665,9729614968,ryan@cox.net,http://www.warnerelectricbrkcltchco.com
471,Jess,Chaffins,New York Public Library,18 3rd Ave,New York,New York,NY,10016,2125104633,2124289538,jess.chaffins@chaffins.org,http://www.newyorkpubliclibrary.com
472,Sharen,Bourbon,"Mccaleb, John A Esq",62 W Austin St,Syosset,Nassau,NY,11791,5168161541,5167493188,sbourbon@yahoo.com,http://www.mccalebjohnaesq.com
473,Nickolas,Juvera,United Oil Co Inc,177 S Rider Trl #52,Crystal River,Citrus,FL,34429,3525988301,3529476152,nickolas_juvera@cox.net,http://www.unitedoilcoinc.com
474,Gary,Nunlee,Irving Foot Center,2 W Mount Royal Ave,Fortville,Hancock,IN,46040,3175426023,3178878486,gary_nunlee@nunlee.org,http://www.irvingfootcenter.com
475,Diane,Devreese,Acme Supply Co,1953 Telegraph Rd,Saint Joseph,Buchanan,MO,64504,8165579673,8163295565,diane@cox.net,http://www.acmesupplyco.com
476,Roslyn,Chavous,"Mcrae, James L",63517 Dupont St,Jackson,Hinds,MS,39211,6012349632,6019735754,roslyn.chavous@chavous.org,http://www.mcraejamesl.com
477,Glory,Schieler,Mcgraths Seafood,5 E Truman Rd,Abilene,Taylor,TX,79602,3258692649,3257403778,glory@yahoo.com,http://www.mcgrathsseafood.com
478,Rasheeda,Sayaphon,"Kummerer, J Michael Esq",251 Park Ave #979,Saratoga,Santa Clara,CA,95070,4088054309,4089977490,rasheeda@aol.com,http://www.kummererjmichaelesq.com
479,Alpha,Palaia,"Stoffer, James M Jr",43496 Commercial Dr #29,Cherry Hill,Camden,NJ,8003,8563122629,8565137024,alpha@yahoo.com,http://www.stofferjamesmjr.com
480,Refugia,Jacobos,North Central Fl Sfty Cncl,2184 Worth St,Hayward,Alameda,CA,94545,5109748671,5105093496,refugia.jacobos@jacobos.com,http://www.northcentralflsftycncl.com
481,Shawnda,Yori,Fiorucci Foods Usa Inc,50126 N Plankinton Ave,Longwood,Seminole,FL,32750,4075385106,4075648113,shawnda.yori@yahoo.com,http://www.fioruccifoodsusainc.com
482,Mona,Delasancha,Sign All,38773 Gravois Ave,Cheyenne,Laramie,WY,82001,3074031488,3078167115,mdelasancha@hotmail.com,http://www.signall.com
483,Gilma,Liukko,Sammys Steak Den,16452 Greenwich St,Garden City,Nassau,NY,11530,5163939967,5164079573,gilma_liukko@gmail.com,http://www.sammyssteakden.com
484,Janey,Gabisi,"Dobscha, Stephen F Esq",40 Cambridge Ave,Madison,Dane,WI,53715,6089677194,6085866912,jgabisi@hotmail.com,http://www.dobschastephenfesq.com
485,Lili,Paskin,Morgan Custom Homes,20113 4th Ave E,Kearny,Hudson,NJ,7032,2014312989,2014788540,lili.paskin@cox.net,http://www.morgancustomhomes.com
486,Loren,Asar,Olsen Payne & Company,6 Ridgewood Center Dr,Old Forge,Lackawanna,PA,18518,5706483035,5705692356,loren.asar@aol.com,http://www.olsenpaynecompany.com
487,Dorothy,Chesterfield,Cowan & Kelly,469 Outwater Ln,San Diego,San Diego,CA,92126,8586177834,8587321884,dorothy@cox.net,http://www.cowankelly.com
488,Gail,Similton,"Johnson, Wes Esq",62 Monroe St,Thousand Palms,Riverside,CA,92276,7606165388,7604939208,gail_similton@similton.com,http://www.johnsonwesesq.com
489,Catalina,Tillotson,Icn Pharmaceuticals Inc,3338 A Lockport Pl #6,Margate City,Atlantic,NJ,8402,6093733332,6098264990,catalina@hotmail.com,http://www.icnpharmaceuticalsinc.com
490,Lawrence,Lorens,New England Sec Equip Co Inc,9 Hwy,Providence,Providence,RI,2906,4014656432,4018931820,lawrence.lorens@hotmail.com,http://www.newenglandsecequipcoinc.com
491,Carlee,Boulter,"Tippett, Troy M Ii",8284 Hart St,Abilene,Dickinson,KS,67410,7853471805,7852537049,carlee.boulter@hotmail.com,http://www.tippetttroymii.com
492,Thaddeus,Ankeny,Atc Contracting,5 Washington St #1,Roseville,Placer,CA,95678,9169203571,9164592433,tankeny@ankeny.org,http://www.atccontracting.com
493,Jovita,Oles,"Pagano, Philip G Esq",8 S Haven St,Daytona Beach,Volusia,FL,32114,3862484118,3862086976,joles@gmail.com,http://www.paganophilipgesq.com
494,Alesia,Hixenbaugh,Kwikprint,9 Front St,Washington,District of Columbia,DC,20001,2026467516,2022766826,alesia_hixenbaugh@hixenbaugh.org,http://www.kwikprint.com
495,Lai,Harabedian,Buergi & Madden Scale,1933 Packer Ave #2,Novato,Marin,CA,94945,4154233294,4159266089,lai@gmail.com,http://www.buergimaddenscale.com
496,Brittni,Gillaspie,Inner Label,67 Rv Cent,Boise,Ada,ID,83709,2087091235,2082069848,bgillaspie@gillaspie.com,http://www.innerlabel.com
497,Raylene,Kampa,Hermar Inc,2 Sw Nyberg Rd,Elkhart,Elkhart,IN,46514,5744991454,5743301884,rkampa@kampa.org,http://www.hermarinc.com
498,Flo,Bookamer,Simonton Howe & Schneider Pc,89992 E 15th St,Alliance,Box Butte,NE,69301,3087262182,3082506987,flo.bookamer@cox.net,http://www.simontonhoweschneiderpc.com
499,Jani,Biddy,Warehouse Office & Paper Prod,61556 W 20th Ave,Seattle,King,WA,98104,2067116498,2063956284,jbiddy@yahoo.com,http://www.warehouseofficepaperprod.com
500,Chauncey,Motley,Affiliated With Travelodge,63 E Aurora Dr,Orlando,Orange,FL,32804,4074134842,4075578857,chauncey_motley@aol.com,http://www.affiliatedwithtravelodge.com
